name,address,city,state,zip,total_units, Price/Unit ,net_operating_income,cap_rate,asking_price,opportunity_zone,longitude,latitude
Mountain Gates Estates,8958 6 Shooter Canyon Rd,Globe,AZ,85501,110,"$34,545 ",,,"$3,800,000.00 ",No,-110.7680557,33.3567519
Confidential Oklahoma Mobile Home Community,"Confidential, Oklahoma, USA",N/A,OK,12345,300,,,,,No,NA,NA
Rancho Rantoul Estates,8 Mahoning Ave,Rantoul,IL,61866,,,,,"$2,050,000.00 ",No,-88.1349449,40.3201952
BACKYARD RV RESORT,4350 Sassafras Cir,Montgomery,AL,36105,105,"$24,761 ","$202,033.00 ",7.70%,"$2,600,000.00 ",No,-86.3307242,32.3242172
Sumter Oaks RV Park,4602 Co Rd 673,Bushnell,FL,33513,,,,,"$3,800,000.00 ",No,-82.181186,28.602568
Tra RV Park,3100 Moore St,Pecos,TX,79772,,,,,"$2,300,000.00 ",No,-103.5104356,31.3913037
Okmulgee Mobile Home Park,814 S Kern Ave,Okmulgee,OK,74447,28,"$63,462 ","$56,164.00 ",3.40%,"$1,650,000.00 ",No,-95.98421873,35.61553431
Flux River Resort,7420 Rush Creek Rd,Lewiston,CA,96052,52,"$26,442 ","$105,225.00 ",7.65%,"$1,375,000.00 ",Yes,-122.8257998,40.719795
Eagle's Rest RV Park  Cabins,139 E Pioneer Dr,Valdez,AK,99686,,,,,"$5,900,000.00 ",No,-146.346695,61.131027
"Green Meadows MHP - Newport, TN",116 Country View Way,Newport,TN,37821,35,,"$105,927.00 ",7.06%,"$1,500,000.00 ",No,-83.2082525,35.9068352
170-Space Kansas MHC - Market Leader Property,520 W 20th St,Pittsburg,KS,66762,170,,,,,No,-94.7112841,37.4276527
"Attractive 109-Space MHC Near Columbia, MO",1338 W Ashley Rd,Boonville,MO,65233,109,,,,,No,-92.761832,38.9520477
AUCTION SALE  Parktown Mobile Home Park,1A Parktown Dr,Granite City,IL,62040,81,,"$136,000.00 ",,,Yes,-90.1662047,38.7098196
Choctaw Creek Ranch MH Community,701 Luella Rd,Sherman,TX,75090,,,,,,No,-96.586086,33.582023
"Sylvania, GA and Gaston SC MHP Portfolio",0 Countryside Estates,Sylvania,GA,30467,40,,,7.00%,"$1,500,000.00 ",No,-81.6145645,32.72997861
Stanford Ranch Lakeside RV Resort,139 Pr 1537 Road,Bridgeport,TX,76246,47,"$105,468 ",,,"$4,957,000.00 ",No,-97.845644,33.258474
43 INCOME PRODUCING UNITS - NO LAND,11240 N Northwood Dr,Inglis,FL,34449,43,"$10,000 ","$49,015.00 ",12.25%,"$400,000.00 ",No,-82.67852646,29.02365818
Indian Trails RV Mobile Park  Mustang Mini Storage,1618 TX-361,Ingleside,TX,78362,86,,"$86,709.00 ",,"$1,157,751.00 ",No,-97.1840471,27.8731312
South Park MHC,1601 Army Post Rd,Des Moines,IA,50315,25,"$74,000 ","$144,700.00 ",7.82%,"$1,850,000.00 ",No,-93.63806905,41.52659373
Oak Grove MH  RV Park,1801 Border St,Pensacola,FL,32505,,"$56,705 ",,,"$4,990,000.00 ",No,-87.26366389,30.43280102
Fidler's MHP,1 Fidler Ct,Pine Grove,PA,17963,15,,,7.40%,"$715,000.00 ",No,-76.4340755,40.5523346
"7 Park Portfolio - Pittsburgh, PA",1037 Barkeyville Rd,Grove City,PA,16127,526,,"$951,485.00 ",,,No,NA,NA
Dade City - 82.4-Acres with plans for 300-sp MHRV Park,4112 Treiman Blvd,Dade City,FL,33523,,"$7,667 ",,,"$2,300,000.00 ",No,-82.164144,28.486708
"Millcreek Mobile Home  RV Park - Camden, AR",101 Ouachita Road 471,Camden,AR,71701,,,"$131,730.00 ",10.13%,"$1,300,000.00 ",No,-92.8136086,33.5348378
Rio Grande Valley Portfolio,930 W Expy 83,Mission,TX,78572,526,,"$3,332,446.00 ",5.50%,"$47,600,000.00 ",No,NA,NA
Marshall Meadows RV  Tiny Home Village,2226 Blocker Rd,Marshall,TX,75672,39,"$96,154 ","$379,455.00 ",10.12%,"$3,750,000.00 ",Yes,-94.2860349,32.4545889
Hiltop Rv Park and Storage,23420 Co Rd 64,Robertsdale,AL,36567,99,,,,"$4,500,000.00 ",No,NA,NA
Benson KOA Journey,180 W 4 Feathers Ln,Benson,AZ,85602,85,,,6.50%,"$2,100,000.00 ",No,-110.3022108,31.9883428
"Texas Oil Country - Snyder, TX - Scurry County - MHC",400 27th St,Snyder,TX,79549,16,"$83,333 ","$153,780.00 ",7.69%,"$2,000,000.00 ",No,-100.901253,32.7148937
El Camino MH  RV Park,1301 El Camino Ave,Sacramento,CA,95815,49,"$91,837 ","$340,059.00 ",7.56%,"$4,500,000.00 ",Yes,-121.4376162,38.6113028
Sundance 55 Mobile Home Park,2250 N Broadway,Escondido,CA,92026,88,,,,,No,-117.091513,33.1603137
Suwannee River Hideaway,1218 SE Hwy 346,Old Town,FL,32680,,"$31,461 ",,,"$2,800,000.00 ",No,-82.968124,29.552449
Country Village MHP,1601 State Rd,Cheraw,SC,29520,,"$36,842 ","$126,026.00 ",9.00%,"$1,400,000.00 ",No,-79.9265174,34.7063034
Midland Mobile Home  RV Park,5401 E County Road 120,Midland,TX,79706,31,"$43,548 ","$120,761.00 ",8.95%,"$1,350,000.00 ",No,-101.9799596,31.9809775
Ruidoso Portfolio,26536 US-70,Ruidoso Downs,NM,88346,147,,"$393,895.00 ",8.75%,"$4,500,000.00 ",No,NA,NA
Whitehaven Redevelopment Opportunity,3993 Elvis Presley Blvd,Memphis,TN,38116,,,"$125,000.00 ",,"$6,500,000.00 ",Yes,-90.025781,35.0396256
Attractive 109-Space MHC - Missouri,5315 Red Maple Ln,Fulton,MO,65251,109,,,,,No,-91.9762984,38.8177147
Bethel RV Campground,111 Elm Tree Ln,Canton,NC,28716,5,,,,"$1,350,000.00 ",No,-82.86449264,35.45798625
Pleasant Valley  Cool Mini Storage,4546 Pleasant Valley Rd,Placerville,CA,95667,107,"$23,598 ","$179,576.00 ",7.11%,"$2,525,000.00 ",No,NA,NA
Crawford County Estates MHP,Marshall Mill Rd at Sandy Point Rd,Lizella,GA,31052,,,,8.18%,"$2,500,000.00 ",No,-83.8454645,32.7607494
Bayou Mobile Estates,5901 E Texas St,Bossier City,LA,71111,80,"$55,625 ","$217,035.00 ",4.88%,"$4,450,000.00 ",No,-93.65391586,32.54113841
Prime RV Park,322 N Sunset Strip St,Kenedy,TX,78119,,,,,"$2,100,000.00 ",No,-97.85941874,28.8219691
Harvest Estates MHC,10557 N State Rte 50,Manteno,IL,60950,31,"$32,258 ","$82,542.00 ",8.25%,"$1,000,000.00 ",No,-87.81993687,41.27413943
Okeechobee RV and Mobile Home Park,3401 SE 34th Ave,Okeechobee,FL,34974,12,,,10.00%,"$1,300,000.00 ",No,-80.7943465,27.2126432
Starlite Mobile Home Park,153 W Pennsylvania Ave,New Stanton,PA,15672,12,,,,"$679,900.00 ",No,-79.6113654,40.2150989
"Myetta Meadows - Camdenton, MO",27 Sunrise Terrace Drive,Camdenton,MO,65020,,,"$106,481.00 ",7.10%,"$1,500,000.00 ",No,-92.70944059,37.9387595
Online Auction  Income ProducingRedevelopment Opportunity,18010 Butera Rd,Magnolia,TX,77355,16,,,,,No,-95.75166974,30.13383116
Merrill Mobile Manor,425 W Front St,Merrill,OR,97633,33,,"$97,502.00 ",6.50%,"$1,500,000.00 ",No,-121.6044303,42.0234477
Kathy O and L  L Mobile Home Community,909 Chugach Way,Anchorage,AK,99503,120,,,,"$6,100,000.00 ",Yes,-149.9005155,61.1869839
LC RV PARK,4909 Tucker Hill Ln,Cedar Creek,TX,78612,38,"$53,750 ",,8.03%,"$2,150,000.00 ",No,-97.5227821,30.1813351
Hidden Oaks MHP,25950 Thornton Rd,Thornton,CA,95686,,"$69,875 ","$40,006.00 ",7.16%,"$559,000.00 ",No,-121.4205575,38.22286042
Lake's Portfolio,24428 US-11,Calcium,NY,13616,134,,"$440,217.00 ",9.78%,"$4,500,000.00 ",No,-75.8520936,44.0201064
4 J's Trailer Park,123 McCord Ave,Bakersfield,CA,93308,,"$46,000 ","$69,920.00 ",7.60%,"$920,000.00 ",Yes,-119.0228523,35.4064799
Hamilton Trailer Park,11700 Thompson Ave,Sugar Creek,MO,64054,25,"$44,444 ","$79,593.00 ",6.63%,"$1,200,000.00 ",Yes,-94.437053,39.1035133
Tan Tara Estates Mobile Home Park,2520 New Era Rd,Murphysboro,IL,62966,98,"$32,653 ","$202,602.00 ",6.33%,"$3,200,000.00 ",No,-89.24579151,37.76175844
9709 Alameda Avenue,9709 Alameda Ave,Socorro,TX,79927,,,,,"$1,100,000.00 ",No,-106.3070152,31.67383608
Dix Mobile Home Park,1028 Dix Ave,Hudson Falls,NY,12839,38,,"$145,366.00 ",7.65%,"$1,900,000.00 ",No,-73.5946355,43.317461
AUCTION SALE  El Paso Estates,400 S Glenwood St,El Paso,TX,79905,35,,"$172,000.00 ",,,No,-106.420194,31.7572655
Town Creek Village Subdivision,24 Town Creek Ln,Talladega,AL,35160,40,,,,"$750,000.00 ",No,-86.1219079,33.4188886
34.5 Acre World-Class Motocross Training Facility,530 NW Gopher Ave,Greenville,FL,32331,,,,,"$1,400,000.00 ",No,-83.466891,30.616677
Baltic Avenue MHP,Flamingo Dr,London,KY,40744,,,,10.00%,"$495,000.00 ",No,-84.0976546,37.0785933
Miller Wilson Acres,6830 Miller Wilson Rd,Crosby,TX,77532,,,,,"$1,400,000.00 ",No,-95.0635082,29.9249412
Paxton MHP,U.S. 45 and East Chestnut Street,Paxton,IL,60957,21,,"$25,935.00 ",,"$340,000.00 ",No,-88.093499,40.4661752
AUCTION SALE  Sistersville Mobile Home  RV Park,30 Phillips Dr,Sistersville,WV,26175,39,,,,,No,-81.0437437,39.5274613
Sportsman Mobile Home Park,2653 Old Deridder Hwy,Lake Charles,LA,70615,52,,,,,No,-93.173329,30.275353
RV Park,399 County Rd 201,Bay City,TX,77414,1,,,,"$1,400,000.00 ",No,-95.63132469,28.78083186
Carolinas MHC Portfolio,508 Winter Rain Dr,Conway,SC,29527,104,"$66,346 ",,,"$6,900,000.00 ",No,NA,NA
Oakdale Mobile Home Park,10799 Sherman Grove Ave,Los Angeles,CA,91040,87,,"$472,800.00 ",5.00%,"$9,500,000.00 ",No,-118.3213034,34.2649369
65-Space RV Park - Stabilized with Extended Stay Demand,3200 Southeast Blvd,Wichita,KS,67216,,,,9.30%,,No,-97.3009287,37.6337023
Pahokee Beach RV  Mobile Home Park,297 W Main St,Pahokee,FL,33476,,,"$217,809.00 ",5.89%,"$3,700,000.00 ",Yes,-80.6685738,26.8232745
Arabian Mobile Home Park,46200 Calhoun St,Indio,CA,92201,83,,,5.88%,"$6,000,000.00 ",No,-116.2077694,33.71280423
Kremmling Central Park,1013 Park Ave,Kremmling,CO,80459,18,,"$116,859.00 ",6.49%,"$1,800,000.00 ",No,-106.3827199,40.0589058
Airway Estates,7640 OH-15,Defiance,OH,43512,42,,,,"$1,200,000.00 ",No,-84.4266788,41.3313478
Yosemite Park,5180 CA-140,Mariposa,CA,95338,,,"$252,000.00 ",8.40%,"$3,000,000.00 ",No,-119.9727436,37.4938509
Glenville Manor,413 Saratoga Rd,Schenectady,NY,12302,88,,"$290,159.00 ",6.00%,"$4,840,000.00 ",No,-73.929844,42.883575
Ponca City RV Park,1015 N Waverly St,Ponca City,OK,74601,34,"$38,235 ","$95,444.00 ",4.58%,"$1,300,000.00 ",Yes,-97.10202,36.714075
Jacksonville RV Park 8 CAP on Current Income,12300 Old Kings Rd,Jacksonville,FL,32219,,"$72,222 ",,,"$650,000.00 ",No,-81.7807143,30.45480538
3 Kentucky Mobile Home Parks,432 38th St,Catlettsburg,KY,41129,23,,,,"$650,000.00 ",No,NA,NA
Snowline MHP,5160 Pony Express Trail,Camino,CA,95709,22,"$77,273 ","$106,187.00 ",6.25%,"$1,700,000.00 ",No,-120.6284663,38.74615843
"11.227 ac  800 W Alabama, Sweetwater, TX",800 W Alabama Ave,Sweetwater,TX,79556,0,,,,"$132,000.00 ",No,-100.4102688,32.4603476
Suwannee River Bend RV Park,28872 SE Hwy 19,Old Town,FL,32680,,,,,"$3,999,000.00 ",No,-82.9417531,29.5894702
AUCTION SALE  Specialville Mobile Home Park,14136 S Wood St,Harvey,IL,60426,42,,,,,Yes,-87.66097067,41.63216866
Cardinal Mobile Home Park,126 Red Bird Ln,Boerne,TX,78006,19,,,8.30%,"$1,650,000.00 ",No,-98.7589241,29.7933798
Corpus Christi Mobile Home Development,6300 Old Brownsville Rd,Corpus Christi,TX,78417,481,,,10.00%,"$3,200,000.00 ",No,-97.48393234,27.73794499
Atkinson Estates MHC,109 S Pearl St,Atkinson,IL,61235,24,"$39,583 ","$94,087.00 ",9.90%,"$950,000.00 ",No,-90.0128266,41.4163231
Blair Ridge,120 Bear Ridge Rd,Dahlonega,GA,30533,11,,"$100,000.00 ",8.33%,"$1,200,000.00 ",No,-84.0110989,34.5401458
Walnut Grove,6104 Busiek Rd,Farmington,MO,63640,91,"$49,121 ",,,"$4,470,000.00 ",No,-90.3596879,37.7587997
Feather West RV Park,3922 Pentz Rd,Paradise,CA,95969,22,"$60,227 ","$102,205.00 ",7.71%,"$1,325,000.00 ",No,-121.573934,39.69401056
Davenport Estates MHC,6400 Rockingham Road,Davenport,IA,52802,18,"$43,056 ","$75,387.00 ",9.73%,"$775,000.00 ",No,-90.65435487,41.47734874
"MHC Portfolio - Lexington, SC",120 Sandy Springs Ln,Lexington,SC,29073,38,,"$285,312.00 ",6.79%,"$4,200,000.00 ",No,-81.2037635,33.9110979
90-Space Value Add MH  RV Property - Desirable Metro Area,511 County Rd 109,Daleville,AL,36322,90,,,,"$2,300,000.00 ",No,-85.76021117,31.2969524
Bend Mobile Home-RV Park,21795 Bend Ferry Rd,Red Bluff,CA,96080,44,,"$99,919.00 ",5.00%,"$1,990,000.00 ",No,-122.2257307,40.26419588
Vanover Farms,2125 E Southgate Rd,Enid,OK,73701,,,,,,Yes,-97.84797347,36.36172058
Wayside Mobile Home and RV Park,3760 Oregon Coast Hwy,Florence,OR,97439,57,"$99,123 ","$325,924.00 ",5.77%,"$5,650,000.00 ",No,-124.1003816,43.9992169
Cali Lake RV Resort,10645 Soledad Canyon Rd,Santa Clarita,CA,91390,47,"$126,596 ","$455,677.00 ",7.66%,"$5,950,000.00 ",No,-118.3200885,34.436594
Desert Springs RV Park,4117 Fleet St,Littlefield,AZ,86432,,,,,"$5,200,000.00 ",No,-113.906102,36.89916553
15657 S HWY 101 - Multi-Use Commercial Lot on Oregon Coast,15647 US-101,Brookings,OR,97415,,,,,"$1,200,000.00 ",No,-124.238732,42.033912
Cottonwood Ridge MHC,7252 Whitehouse Dr,Anderson,CA,96007,73,,,7.03%,"$4,300,000.00 ",No,-122.3706592,40.4950297
Wagon Wheel RV Park,"7990 HWY 264,",Dyer,NV,89010,,,,,"$900,000.00 ",No,-118.0975817,37.7756357
Domenics MH Estates,38015 30th St E,Palmdale,CA,93550,34,"$52,941 ","$65,932.00 ",,"$1,800,000.00 ",Yes,-118.0778603,34.5732804
Triangle Ct,Triangle Ct,Osage,IA,50461,,"$12,428 ","$54,481.00 ",12.52%,"$435,000.00 ",No,-92.8158642,43.2916863
Crossett Mini Storage Portfolio Price Reduction,1551 State Hwy 52 W,Crossett,AR,71635,214,,"$125,821.00 ",7.19%,"$1,750,000.00 ",Yes,NA,NA
52 Unit RV Park TURNKEY FOR SALE,11050 Co Rd 512,Fellsmere,FL,32948,52,,,,"$6,999,999.00 ",No,-80.553789,27.768061
Buena Vista Mobile Home Park,8415 Buena Vista Blvd,Lamont,CA,93241,60,"$61,667 ","$192,352.00 ",5.20%,"$3,700,000.00 ",No,-118.9104399,35.2365378
3-Park Utah Portfolio,250 W 900 S,Tooele,UT,84074,68,"$94,485 ","$321,137.00 ",5.00%,"$6,425,000.00 ",No,NA,NA
Roscoe St MHP,133 Roscoe St,Cusseta,GA,31805,48,,"$63,127.00 ",4.51%,"$1,400,000.00 ",No,-84.7684695,32.3099446
BIRCHWOOD RV PARK,10851 Lake Rd,Bottineau,ND,58318,52,"$12,264 ","$45,808.00 ",7.97%,"$575,000.00 ",No,-100.3827393,48.9877999
Pleasant Valley Mobile Home Park,765 Saratoga Rd,Gansevoort,NY,12831,17,,"$109,439.00 ",11.52%,"$950,000.00 ",No,-73.7640922,43.1483022
"2287 FM 549 Rockwall, TX",2287 S Farm To market 549,Rockwall,TX,75032,,,,,"$1,700,000.00 ",No,-96.4172201,32.8903844
Van Buren Mobile Home Community Investment,705 W Landess St,Van Buren,IN,46991,11,,,,"$230,000.00 ",No,-85.51202966,40.61954393
1142 Batter Street,1142 Batter St,Pattersonville,NY,12137,,,,,"$3,499,999.00 ",No,-74.15153,42.8229653
Anderson Mobile Home Park,3770 Park Dr,Meriden,KS,66512,37,"$29,730 ","$107,000.00 ",9.73%,"$1,100,000.00 ",No,-95.56353258,39.13960392
Lynchburg Estates,2521 Suburban Rd,Lynchburg,VA,24501,91,,"$289,294.00 ",5.40%,"$5,400,000.00 ",No,-79.1495358,37.3009421
Pilot Hill Mobile Home Park,4400 Salmon Falls Rd,Pilot Hill,CA,95664,21,,,,"$2,400,000.00 ",No,-121.017146,38.840583
Tumbleweed Estate,3910 W County Rd 118,Midland,TX,79706,14,,"$44,022.00 ",10.36%,"$425,000.00 ",No,-102.112187,31.9511949
Shop and Office  3 Apartments  19 Pad RV Park,Alkali Wy,Killdeer,ND,58640,23,"$52,632 ","$110,600.00 ",11.06%,"$1,000,000.00 ",No,-102.7561519,47.3627768
Rosewood Manor,1900 Broadway Ave,Hoquiam,WA,98550,46,"$76,087 ",,6.50%,"$3,500,000.00 ",No,-123.8807768,46.99768432
Shady Acres Mobile Home Park,475 E 4th S,Mountain Home,ID,83647,12,"$88,636 ","$83,294.00 ",,"$975,000.00 ",Yes,-115.6884865,43.1285845
9.5  Cap Rate- Rocky Branch Mobile Home Park,114 Cameron Dr,Rockingham,NC,28379,11,"$39,538 ","$48,780.00 ",9.50%,"$495,000.00 ",No,-79.78007208,34.90627197
Alligator Alley RV Park,240 Bolivar Ave,Anahuac,TX,77514,,"$32,353 ",,,"$1,100,000.00 ",Yes,-94.6859302,29.7712505
10-Unit Rental Property,2388 Robert Rd,Aransas Pass,TX,78336,10,,,,"$895,000.00 ",No,-97.1702471,27.9330761
1776 State Highway 2,71776 State Highway 2,Wrightwood,CA,92397,19,,,,"$1,795,999.00 ",No,-117.6410127,34.3646211
"51-Space Mobile Home Park  Cleburne, TX",4879 W Country Rd,Cleburne,TX,76033,51,,"$182,539.00 ",9.13%,"$2,000,000.00 ",No,-97.46432159,32.27583605
East to West RV Park  Storage,6300 FM 3081,Willis,TX,77378,45,"$31,111 ","$74,097.00 ",5.29%,"$1,400,000.00 ",No,-95.3090865,30.430364
Albertson Lake MHC,512 Balsam Ave,Frazee,MN,56544,11,"$53,226 ","$147,562.00 ",8.94%,"$1,650,000.00 ",No,-95.69304609,46.72275871
Bridgeview Marina and Resort,13947 Reel Ln,Madill,OK,73446,149,,,,"$6,800,000.00 ",No,-96.6288401,34.0265218
Dunwoody Mobile Home Park,602 N Main St,Leominster,MA,1453,18,,"$80,995.00 ",6.75%,"$1,200,000.00 ",No,-71.7657705,42.5517662
Branson Stagecoach RV Park and Campground,5751 Historic Hwy 165,Branson,MO,65616,59,,,,"$2,950,000.00 ",No,-93.3001835,36.5837757
"52 RV Lots - Established, Income Producing RV Resort",19230 Morris Ave,Manvel,TX,77578,52,,,,"$6,900,000.00 ",No,-95.3724415,29.4719691
Kickapoo Village,750 South Moreland Rd,Bethalto,IL,62010,89,"$42,685 ",,,"$3,799,000.00 ",No,-90.0304869,38.8958723
Mountain View Park,710 W Harvard Blvd,Santa Paula,CA,93060,46,"$71,630 ",,5.11%,"$3,295,000.00 ",No,-119.0815135,34.3390806
Orange Grove RV,5801 Orange Grove Rd,Moss Point,MS,39562,104,"$51,923 ","$123,411.00 ",2.29%,"$5,400,000.00 ",No,-88.458613,30.419767
Confidential IL MHP Listing 0081,000 Confidential St,Coultereville,IL,95311,32,"$18,750 ","$52,642.00 ",8.77%,"$600,000.00 ",No,NA,NA
Indian River Estates,35033 Eddy Rd,Theresa,NY,13691,103,,"$244,899.00 ",9.24%,"$2,650,000.00 ",No,-75.796116,44.17839
Studio 13 Motel  RV Park,1313 W Cherry St,Vermillion,SD,57069,18,,,,"$875,000.00 ",Yes,-96.9502712,42.7874141
South Houston Portfolio,511 Smith Ave,Pasadena,TX,77504,156,,,,,No,NA,NA
Income Producing RV ParkPrime Location,14102 County Rd 431,Tyler,TX,75706,46,"$67,391 ","$164,242.00 ",5.30%,"$3,100,000.00 ",No,-95.368669,32.470064
Gouverneur MHP,991 US-11,Gouverneur,NY,13642,20,,"$63,483.00 ",12.09%,"$525,000.00 ",No,-75.497097,44.314653
2 Park Portfolio,1220 E Havens Ave,Mitchell,SD,57301,230,,"$483,000.00 ",4.20%,"$12,000,000.00 ",No,NA,NA
7 Retail units  10 Trailer Leases on 5 Acre Commerical Lot,12302 James Madison Pkwy,King George,VA,22485,,,"$37,757.00 ",3.00%,"$1,070,000.00 ",No,-77.14813722,38.24254486
Buffalo Land Blue River RV Park,4700 OK-78,Milburn,OK,73450,57,"$14,286 ","$19,965.00 ",2.50%,"$800,000.00 ",No,-96.57187475,34.23776104
Turkey Creek RV Park,1376 US-65 BUS,Hollister,MO,65672,,,,,"$1,650,000.00 ",No,-93.2176766,36.6306863
Texas 46 RV Park,185 Mitchell Dr,Spring Branch,TX,78070,,,,,,No,-98.3782642,29.8103664
6061 Flamingo Rd,6061 Flamingo Rd,Rhodesdale,MD,21659,75,"$46,600 ",,,"$3,495,000.00 ",No,-75.710227,38.63331
"Vacant Mobile Home Park Land For Sale, Radcliff, Kentucky",225 Woodside Dr,Radcliff,KY,40160,,"$17,273 ",,,"$380,000.00 ",No,-85.91573575,37.81892305
"3182 Brownie Campbell Rd, Houston, TX 77038-1042",3182 Brownie Campbell Rd,Houston,TX,77038,6,,"$57,341.00 ",,,No,-95.4705449,29.9343596
San Antonio 2 Park Portfolio,2711 Mission Rd,San Antonio,TX,78214,39,"$39,744 ",,,"$1,550,000.00 ",Yes,NA,NA
"3 MHP Portfolio, Bertie County, NC",Bertie Park Ln,Ahoskie,NC,27924,42,,,,"$1,700,000.00 ",No,-76.9772009,36.1894786
Meadow Vista Mobile Home Park,1219 20th St,Murphysboro,IL,62966,15,,,,"$300,000.00 ",No,-89.3462272,37.7748893
3050 Elm,3050 Elm Rd NE,Warren,OH,44483,4,,,,"$675,000.00 ",No,-80.7830503,41.2624354
Cash Flowing Mobile Home Park,11 Electric St,Seville,OH,44273,8,"$405,000 ","$47,118.00 ",11.63%,"$405,000.00 ",No,-81.8655041,41.0110596
Dayton-Canton MHC Portfolio,3543 Needmore Rd,Dayton,OH,45414,660,,,,,No,-84.1613195,39.8223964
Winter Haven MHP,2335 S Broadway St,Truth or Consequences,NM,87901,24,"$26,042 ","$48,643.00 ",7.78%,"$625,000.00 ",Yes,-107.2791311,33.1230184
Cedar Cove,216 Cedar Cv Ln,Burfordville,MO,63739,21,"$52,381 ",,8.99%,"$1,100,000.00 ",No,-89.756974,37.378956
"Palm Springs MHP - Fayetteville, NC",1121 Palm Springs Drive,Fayetteville,NC,28311,49,,"$80,671.00 ",5.04%,"$1,600,000.00 ",No,-78.9157959,35.151822
Winfield Mobile Home Park,150 Barry Slaven Dr,Winfield,TN,37892,47,,,10.44%,"$1,250,000.00 ",No,-84.4472408,36.5491884
Midpoint Route 66 BBQ House,300 U.S. Rt. 66,Adrian,TX,79001,,,,,"$115,000.00 ",No,-102.6651902,35.27123094
Vance Village,1235 Vance Ave,Fort Wayne,IN,46805,11,"$54,455 ","$57,135.00 ",9.54%,"$599,000.00 ",No,-85.1228791,41.104522
16181 Lindstrom Rd,16181 Lindstrom Rd,Crosby,TX,77532,,,,,"$900,000.00 ",No,-95.0415128,29.9169043
For Sale I Hunters Ridge Cabins,24173 US-83,Concan,TX,78838,,,,,,No,-99.7221938,29.51257
42-Pad - Anchorage RV Park,2218 Johnson Rd,Aransas Pass,TX,78336,42,"$35,714 ","$164,036.00 ",10.94%,"$1,500,000.00 ",No,-97.1500169,27.9438035
Sandy Creek Resort RV Park  Mobile Home Campground,11941 U.S. Hwy 190,Livingston,TX,77351,77,"$27,273 ",,,"$2,100,000.00 ",No,-95.0762988,30.8097723
Billups,Calhoun Dr,"Liberty, NC.  27298",NC,27298,,,,,,No,-79.6515477,35.8996705
"Lake Charles Mobile Home Park, LA",2596 Highway 3059,Lake Charles,LA,70615,64,,"$122,275.00 ",7.19%,"$1,700,000.00 ",No,-93.17941641,30.27715225
North Shore Mobile Home Park,8610 E Houghton Lake Dr,Houghton Lake,MI,48629,,"$15,500 ","$30,974.00 ",,"$465,000.00 ",No,-84.7315881,44.3763544
"121 Fellowship Ln, Glide, Oregon",121 Fellowship Ln,Glide,OR,97443,12,,,,"$1,850,000.00 ",No,-122.930397,43.2435217
Lorain Mobile Home Park,5000 W Erie Ave,Lorain,OH,44053,26,"$42,308 ","$89,500.00 ",8.14%,"$1,100,000.00 ",No,-82.2314528,41.444305
Liberty MHP,187 Old Loomis Rd,Liberty,NY,12754,15,,"$52,755.00 ",8.12%,"$650,000.00 ",No,-74.790556,41.796432
Dixieland MHP,303 Sandal St,West Monroe,LA,71292,16,,,7.00%,"$410,000.00 ",No,-92.1597115,32.4739732
"Belfast, ME Portfolio",21 Patterson Hill Rd,Belfast,ME,4915,90,,,,,Yes,-69.0073913,44.4402299
Freeway Mobile Home Park,315 Vine St,Fernley,NV,89408,12,"$108,333 ","$93,027.00 ",7.16%,"$1,300,000.00 ",Yes,-119.2374586,39.6114275
Valley MHP,17612 US-90,Castroville,TX,78009,72,,,,"$3,000,000.00 ",No,-98.8497579,29.3548839
24 Lot Mobile Home Park  12.88 AC,200 W Creek Village,Morgantown,WV,26508,,,,,"$1,200,000.00 ",No,-79.8771119,39.618869
Central Park Estates MH  RV Park,840 N Fort Ave,Sierra Vista,AZ,85635,62,"$41,532 ","$163,256.00 ",6.34%,"$2,575,000.00 ",No,-110.3073421,31.5650449
Covered Bridge Mobile Home Park,8911 E Evans Creek Rd,Rogue River,OR,97537,27,"$84,630 ","$143,490.00 ",6.28%,"$2,285,000.00 ",No,-123.1482768,42.53975009
Vista Del Rio,17401 SE 39th St,Vancouver,WA,98683,213,,,,,No,-122.4932203,45.5896411
Prairie Estates Mobile Home Park,22825 CO-94,Calhan,CO,80808,,,,,"$7,700,000.00 ",No,-104.4048813,38.8377629
Ponderosa Lane Mobile Home Community,818 Ponderosa Ln,Cañon City,CO,81212,4,"$110,556 ","$80,958.00 ",8.14%,"$995,000.00 ",Yes,-105.1959195,38.46216308
On the Rim RV Park,HWY 441 SE,Okeechobee,FL,34974,,,"$208,957.00 ",9.00%,"$2,300,000.00 ",No,-80.6842759,27.1299246
Vinemont Village  Vinemont Estates,17949 US Hwy 31,Cullman,AL,35058,91,"$43,956 ","$396,896.00 ",9.92%,"$4,000,000.00 ",No,NA,NA
18.2 Acres in Cleveland,26003 TX-321,Cleveland,TX,77327,,,,,"$999,000.00 ",No,-95.046065,30.321621
Treasure Island 5 unit mobile home park,3431 SE 38th Ave,Okeechobee,FL,34974,,,,,"$575,000.00 ",No,-80.7903857,27.2121713
PB RV Park,8449 W 26th St,Odessa,TX,79763,,,"$72,500.00 ",10.00%,"$725,000.00 ",No,-102.4711448,31.84560672
W Commerce Drive,W Commerce Dr,Benson,AZ,85602,7,,,,"$150,000.00 ",No,-110.3086329,31.9803139
Cedar Creek Manufactured Housing Community,10001 Garners Ferry Rd,Eastover,SC,29044,58,"$51,316 ","$258,045.00 ",6.62%,"$3,900,000.00 ",No,-80.824057,33.9506658
Creekside Mobile Home Park,1065 Coal Creek Rd,Longview,WA,98632,,,,,"$1,250,000.00 ",No,-123.0195026,46.2002643
Casey's Riverside RV Park,46443 Westfir Rd,Westfir,OR,97492,79,,"$436,533.00 ",8.25%,"$5,290,000.00 ",No,-122.5286585,43.7571585
Mobile Home Park,-,Artesia,NM,88210,35,,,8.25%,"$1,700,000.00 ",No,-104.4097593,32.83829
4748 Ranco Circle,4748 Ranco Cir,Ooltewah,TN,37363,33,,,,"$2,950,000.00 ",No,-85.1149909,35.0696289
Herlong Mobile Home  RV Park,740990 Arroyo Dr,Herlong,CA,96113,73,"$25,548 ","$115,326.00 ",6.18%,"$1,865,000.00 ",No,-120.1742093,40.145759
4150 Soquel Dr,4150 Soquel Dr,Soquel,CA,95073,23,,,,"$3,400,000.00 ",No,-121.9631375,36.9871774
Laurel  The Oaks,1600 Main St,La Marque,TX,77568,61,,"$233,297.00 ",,"$3,650,000.00 ",Yes,-94.9674292,29.358361
Hendersonville RV Park with Rental Income,2853 Chimney Rock Rd,Hendersonville,NC,28792,,,,,"$890,000.00 ",No,-82.417186,35.3603921
Prairie View Acres MHP,5900 Osage Rd,Waterloo,IA,50703,46,"$16,964 ","$132,000.00 ",13.89%,"$950,000.00 ",No,-92.22236381,42.48347945
5360 E Hwy 160,5360 E Hwy 160,Pagosa Springs,CO,81147,3,,"$146,604.00 ",5.24%,"$2,800,000.00 ",Yes,-106.959659,37.32578014
Baldwin Mobile Home Park,934 High Hill Rd,Darlington,SC,29532,32,"$43,750 ","$97,506.00 ",,"$1,400,000.00 ",No,-79.8959886,34.2754066
10175 W Fishbowl Drive,10175 W Fishbowl Dr,Homosassa,FL,34448,,,,,"$4,000,000.00 ",No,-82.603312,28.792091
12995 21st St. NW,12995 21St St. NW,Arnegard,ND,58835,8,"$27,500 ",,,"$220,000.00 ",No,-103.5085894,47.718022
Columbia Avenue 24-Unit Portfolio,269 Superior Cir,Bristol,VA,24201,24,,,6.47%,"$1,404,000.00 ",No,-82.1697738,36.605328
Pine Hill Mobile Home Park,30 Private Rd 3015,Mount Pleasant,TX,75455,26,"$35,000 ","$63,778.00 ",7.01%,"$910,000.00 ",No,-94.9369288,33.1929303
Valley Village Tiny Homes  RV Park,3827 Swan Valley Hwy,Irwin,ID,83428,13,,,,"$1,150,000.00 ",No,-111.2298121,43.3634697
"45 Space RV Park in Cuero, Tx, Dewitt Co with Office",1009 W Heaton St,Cuero,TX,77954,45,,,,"$750,000.00 ",No,-97.30248793,29.08703331
4 unit Investment package,601 S Center St,Fort Branch,IN,47648,4,,"$15,217.00 ",6.70%,"$227,000.00 ",No,-87.5762861,38.2428289
Hidden Valley Mobile Home Park,2719 Central Ave,Hot Springs,AR,71913,,,,,"$2,600,000.00 ",No,-93.0597051,34.4840256
13892 Business 83,13892 US-83 BUS,La Feria,TX,78559,25,,,,"$697,000.00 ",No,-97.7998069,26.165662
Eugene Oregon MHC Portfolio,400 N Pacific Hwy,Creswell,OR,97426,,,,,,No,NA,NA
Plattsburgh MHC Portfolio,2 Vermont St,Plattsburgh,NY,12901,144,,,,,Yes,NA,NA
"Mixed Use, Commercial  Multifamily value Add",3693 US-63,West Plains,MO,65775,4,,,,"$645,000.00 ",No,-91.8960534,36.7897248
Shady Pines,1750 Lee Rd,Quincy,CA,95971,61,,"$308,124.00 ",6.80%,"$4,500,000.00 ",No,-120.9079053,39.9363458
Pebble Beach Mobile Home Park,65 Pebble Dr,Dunlap,TN,37327,,"$22,391 ","$59,626.00 ",11.50%,"$515,000.00 ",No,-85.366376,35.394776
Three Oaks Mobile Home Park,6801 Rogue River Hwy,Grants Pass,OR,97527,7,,"$80,353.00 ",7.37%,"$1,090,000.00 ",No,-123.2107328,42.41888642
Country Meadows MHC,786 NY-221,Harford,NY,13784,38,,"$133,678.00 ",9.90%,"$1,350,000.00 ",No,-76.2392217,42.4274943
Development Opportunity,9167 FM 2409,Moody,TX,76557,,,,,"$1,250,000.00 ",No,-97.43134086,31.21540369
MAGNOLIAWOODLANDS 10 AC UNRESTRICTED GEM,8406 Matthews Ln,Magnolia,TX,77354,,,,,"$1,800,000.00 ",No,-95.5898825,30.1667482
1701 County Road 413,1701 Co Rd 413,Taylor,TX,76574,,,,,"$3,500,000.00 ",No,-97.368172,30.632143
Valley View South MHP,1106 Rim Rd,Quincy,IL,62305,18,"$26,389 ","$35,122.00 ",7.39%,"$475,000.00 ",No,-91.30637742,39.91737155
Manteno Point Mobile Home Park,10617 N State Rte 50,Manteno,IL,60950,13,"$53,846 ","$92,990.00 ",13.28%,"$700,000.00 ",No,-87.8206248,41.2739084
Brookings Rv Park,96707 E Harris Heights Rd,Brookings,OR,97415,41,,"$165,513.00 ",6.90%,"$2,400,000.00 ",No,-124.306636,42.0725993
Dickinson Mobile Home Park,4411 32nd St E,Dickinson,TX,77539,45,,,,,No,NA,NA
Brown,5945 Julian Airport Road,Liberty,NC,27298,,,,,,Yes,-79.6500499,35.899023
Henderson RV Park,3424 FM 13,Henderson,TX,75654,40,"$27,500 ","$89,339.00 ",8.12%,"$1,100,000.00 ",Yes,-94.85333784,32.15081271
"Wapello, IA Pawa MHC",US-61,Wapello,IA,52653,8,"$13,200 ","$24,939.00 ",12.53%,"$199,000.00 ",No,-91.19125001,41.1748026
Branson RV Park,3330 Harvey Ln,Branson,MO,65616,,,,,"$1,200,000.00 ",No,-93.2826281,36.636591
Dream Catcher RV Park,4400 E Pine St,Deming,NM,88030,,,,,"$2,600,000.00 ",No,-107.7114393,32.2727877
23 Bradley Road,23 Bradley Road,Fort Mitchell,AL,36856,,,,,"$265,000.00 ",No,-85.014097,32.304216
Hidden Lakes Opportunity,10111 W Hidden Lake Ln,Richmond,TX,77406,,,,,"$3,000,000.00 ",No,-95.8257654,29.6721098
3922 N Twin City Hwy,3922 N Twin City Hwy,Nederland,TX,77627,,,,,"$700,000.00 ",No,-94.0185509,30.0001722
Western and North Forest,Western and North Forest,Amarillo,TX,79124,,,"$971,700.00 ",52.52%,"$1,850,000.00 ",No,-101.9576317,35.2552151
"Hunting andor Fishing Camp, 2 acres with 5 mobile homes",14095 Hwy 222,Crane Hill,AL,35053,5,,,,"$275,000.00 ",No,-87.0824045,34.0519273
Oak Alley MHP,114 Sandal St,West Monroe,LA,71292,44,,"$145,000.00 ",11.00%,"$1,360,000.00 ",No,-92.1590015,32.4745378
Cooper Road Park,121 Cooper Rd,Wappingers Falls,NY,12524,13,,"$78,168.00 ",8.93%,"$875,000.00 ",No,-73.899876,41.557425
1870 RV RESORT DEVELOPMENT SITE WITH ENTITLEMENTS,"135 North CR 315 Interlachen, FL 32148",Interlachen,FL,32148,115,,"$1,000,000.00 ",20.00%,"$1,799,000.00 ",No,-81.88675205,29.63300871
RV Park Portfolio in Ada,14256 County Rd 1554,Ada,OK,74820,138,"$34,579 ","$276,000.00 ",7.46%,"$3,700,000.00 ",Yes,NA,NA
Arlington Heights Mobile Home Park,1377 Arlington Rd,Taylorsville,CA,95983,40,,"$106,765.00 ",8.06%,"$1,325,000.00 ",Yes,-120.8955867,40.083275
Mobile Home Park in New York State,N/A,N/A,N/A,N/A,,,,,"$550,000.00 ",No,NA,NA
Madrone Mobile Home Park,2510 US-199,Crescent City,CA,95531,73,,,5.20%,"$4,450,000.00 ",No,-124.0636488,41.7916572
Lake in the Forest RV Resort,19115 SE 44th St,Ocklawaha,FL,32179,,,,,"$2,600,000.00 ",No,-81.8355817,29.1461221
146 Acres I-75 Interchange,I-75 cr 673,Bushnell,FL,33513,,,,,,No,-82.1462058,28.6639382
Orange Grove RV Park - Value Add  Large Income Potential,176 Co Rd 304,Orange Grove,TX,78372,16,,,9.00%,"$900,000.00 ",No,-97.97612866,27.99545826
10-Sp MHP Plus 1200 SF SFH Financing Available,5821 W Hwy 92,Plant City,FL,33566,10,,"$134,328.00 ",10.00%,"$1,500,000.00 ",No,-82.200315,28.020985
5 Unit Tiny Home Multi Family Homes For Sale in Texas,197 County Rd 2302,Rusk,TX,75785,5,,,10.62%,"$525,000.00 ",No,-95.162015,31.774282
Kozy Acres,13 Van Rensselaer Street Seneca Falls NY 13148,Seneca Falls,N/A,13148,14,,"$68,187.00 ",9.75%,"$699,000.00 ",No,-76.7966215,42.9106219
K  M RV Park,9610 W County Rd 154,Midland,TX,79706,0,,,,"$1,600,000.00 ",No,-102.1916738,31.8778172
5-Unit Multi Family Tiny Home Park,197 County Rd 2302,Rusk,TX,75785,5,,"$55,159.00 ",10.51%,"$525,000.00 ",No,-95.162015,31.774282
"Valley View MH  RV Park - Duncan, AZ",411 Corral Road,Duncan,AZ,85534,155,,"$456,497.00 ",10.14%,"$4,500,000.00 ",Yes,-109.2022201,32.92412831
Van Ettan Village,4385 Van Ettan Dam Rd,Oscoda,MI,48750,0,,,,"$199,900.00 ",No,-83.3390178,44.4496292
5th  Walnut Mobile Home Units,605 N 5th St,Clinton,MO,64735,4,,"$25,478.00 ",13.48%,"$189,000.00 ",No,-93.7690152,38.3768126
Rolling Stone Stables  RV Park - Fountain Lake Subdivision,5927 Racoon Rd,Shawnee,OK,74804,80,"$37,500 ","$139,610.00 ",4.65%,"$3,000,000.00 ",No,NA,NA
Open Gate MHP,2655 SE Carroll St,Stuart,FL,34997,23,"$78,261 ","$113,922.00 ",6.33%,"$1,800,000.00 ",No,-80.2186517,27.14425455
"107 Orval St., Elsberry MO 63343 Ref 4203 - MLS 24038851",107 Orval St,Elsberry,MO,63343,14,"$70,714 ",,,"$990,000.00 ",No,-90.7884365,39.1813253
8 Cap Rate Porter RV park,22835 Ford Rd,Porter,TX,77365,26,,,8.00%,,No,-95.221261,30.0964285
"Mobile Home Park in Alexander, ND",302 Delaney St,Alexander,ND,58831,19,,,,"$1,200,000.00 ",No,-103.640103,47.845501
North Ranch RV Park,30625 State Route 89,Congress,AZ,85332,109,,,,"$3,150,000.00 ",No,-112.8306318,34.1046973
New Iberia Manufactured Housing Community,4619 Old La 25,New Iberia,LA,70560,,"$50,000 ",,,"$1,500,000.00 ",No,-91.8891913,29.97888
Arch MHC,5115 Jefferson Ave,Newport News,VA,23605,3,,"$173,658.00 ",9.14%,"$1,900,000.00 ",No,-76.4328474,36.9990144
1303 Paradise Way Mobile Home Park,1303 Paradise Way,Navasota,TX,77868,,,,,"$2,199,000.00 ",No,-96.1596937,30.4651358
Whiskey Creek Mobile Home Estates  Airport,51 Whiskey Cr Airport Rd,Silver City,NM,88061,43,,,,"$2,260,850.00 ",No,-108.2099363,32.7659654
Prairie Place,3710 Daffodil Dr,Bloomington,IL,61705,37,,"$162,836.00 ",,"$2,710,000.00 ",No,-89.032689,40.434317
28 Acres w House  FM 1208 Access,2122 FM1208,Stanton,TX,79782,,,,,"$798,000.00 ",No,-101.929898,32.100966
Webster MHC,26623 Sturgeon Ave N,Webster,WI,54893,15,,"$33,565.00 ",7.46%,"$450,000.00 ",No,-92.3674946,45.8827028
Hampton SC Portfolio,119 Lightsey St,Hampton,SC,29924,14,"$42,857 ","$54,257.00 ",9.04%,"$600,000.00 ",No,-81.1130677,32.8723452
11 Unit Mobile Home Park,NW 30th St,Okeechobee,FL,34972,,,,10.00%,"$1,300,000.00 ",No,-80.887365,27.2709166
Raccoon Valley RV Park,908 E Raccoon Valley Dr,Heiskell,TN,37754,,,,,"$2,150,000.00 ",No,-84.0321074,36.0971481
23 units RVMobile Home Park,3993 US-441,Okeechobee,FL,34974,,,,,"$1,620,000.00 ",No,-80.7877784,27.2095751
Whispering Pines MHC,2112 W Quincy St,Pittsburg,KS,66762,110,"$18,727 ","$15,166.00 ",0.74%,"$2,060,000.00 ",No,-94.7397184,37.3984027
The Village of Stonewood,100 Stonewood Dr,Lufkin,TX,75901,39,"$46,667 ","$154,406.00 ",8.48%,"$1,820,000.00 ",No,-94.7097697,31.2779553
"Club 85 Fairfield, ND",12803 20th St SW,Belfield,ND,58622,,,,,"$725,000.00 ",No,-103.2519011,46.8747588
The Gables,237 Salt Point Turnpike,Poughkeepsie,NY,12603,280,,,,,No,-73.892922,41.727737
Harrah Mobile Home Park,3701 S Pottawatomie Rd,Harrah,OK,73045,38,,,0.00%,"$750,000.00 ",No,-97.1428682,35.4271218
Pine Cone Trailer Park,262 Pine Cone Park,Perham,MN,56573,56,,"$263,669.00 ",9.59%,"$2,750,000.00 ",No,-95.58771453,46.60051736
Premier RV Club Portfolio,14301 Co Rd 28,Summerdale,AL,36580,,,,,"$19,650,000.00 ",No,-87.7824821,30.4616447
100 Sand Hill,100 Sand Hill MHP,Charleston,WV,25312,,,,,"$1,500,000.00 ",No,-81.67373356,38.47753485
Laz Daze,8042 HWY 441 SE,Okeechobee,FL,34974,14,,"$156,651.00 ",11.00%,"$1,400,000.00 ",Yes,-80.7424984,27.1862197
50th St Mobile Home Park,710 S 50th St,Tampa,FL,33619,13,"$107,692 ","$125,452.00 ",8.96%,"$1,400,000.00 ",No,-82.4009566,27.941886
Seffner FL - 20-Space MHP For Sale,1014 N Parsons Ave,Seffner,FL,33584,20,"$75,000 ","$109,920.00 ",7.33%,"$1,500,000.00 ",No,-82.2871498,28.0084407
"3373 E. Michigan Avenue Ypsilanti, MI",3373 E Michigan Ave,Ypsilanti,MI,48198,,,,,"$300,000.00 ",No,-83.5448282,42.2561941
"Lithia, FL Combination MHP With Warehouse",10605 Lithia Pinecrest Rd,Lithia,FL,33547,4,"$312,500 ","$78,198.00 ",6.26%,"$1,250,000.00 ",No,-82.0936275,27.8516609
Freedom Park,2600 US-20A,Varysburg,NY,14167,25,,"$92,325.00 ",11.19%,"$825,000.00 ",No,-78.3090156,42.7571936
Blueberry Ridge MHP,11769 MO-7,Warsaw,MO,65355,99,"$18,023 ",,,"$1,550,000.00 ",No,-93.4854137,38.2937101
Canon City's Central Ave Mobile Home Community,2341 Central Ave,Cañon City,CO,81212,24,"$133,333 ","$211,141.00 ",7.54%,"$2,800,000.00 ",Yes,-105.2130178,38.459657
Wilcox Ridge Mix Use Development,Wilcox Golf Rd,Red Bluff,CA,96080,,,,,"$3,500,000.00 ",No,-122.2548486,40.2214743
WEST C STREET MHC,1217 W C St,Torrington,WY,82240,8,"$46,875 ","$33,310.00 ",8.88%,"$375,000.00 ",Yes,-104.1887299,42.057335
"923 Hill Road Houston, Tx. 77037",923 Hill Rd,Houston,TX,77037,12,"$207,143 ",,,"$2,900,000.00 ",No,-95.37872768,29.89561283
Emerald Storage,18410 FM 969,Manor,TX,78653,25,,,,"$1,995,000.00 ",No,-97.5257771,30.2526368
2 Park IN Portfolio,1539 W 600 S,Peru,IN,46970,,,"$125,000.00 ",8.33%,"$1,500,000.00 ",No,NA,NA
Englehart RV  Mobile Home Portfolio,745 Englehart,San Antonio,TX,78264,50,,,,"$3,200,000.00 ",Yes,NA,NA
2912 E Rice St,2912 E Rice St,Sioux Falls,SD,57103,,,,,"$350,000.00 ",No,-96.6882703,43.5663319
Woodland MHP,7631 Daly Rd,Cincinnati,OH,45224,70,"$14,286 ",,,"$1,000,000.00 ",No,-84.53140313,39.212649
Bates City MHP  RV Park,2201 Outer Rd,Bates City,MO,64011,89,"$30,337 ","$268,359.00 ",9.94%,"$2,700,000.00 ",Yes,-94.06936248,39.01219891
221 Sequatchie Ln,221 Sequatchie Ln,Sequatchie,TN,37374,,,,,"$695,000.00 ",No,-85.5928705,35.1144903
Bonny Brook Mobile Home Park,Harris St,Jacksonville,AL,36265,,"$25,000 ","$94,914.00 ",7.59%,"$1,250,000.00 ",No,-85.7547313,33.7791612
15 UNITS INCOME PRODUCING,11240 N Northwood Dr INGLIS FL 15 UNITS,Inglis,FL,34449,15,"$15,000 ","$33,575.00 ",14.92%,"$225,000.00 ",No,-82.6786699,29.0240363
Bennett Homes  460 Colfax Ave,460 E Colfax Ave,Bennett,CO,80102,13,,,,"$2,735,000.00 ",No,NA,NA
9142 lankford hwy,9142 Lankford Hwy,Nassawadox,VA,23413,48,,,,"$1,750,000.00 ",No,-75.873226,37.455466
Bailey Acres Mobile Home Park,1 Bailey Ln,Rossville,GA,30741,28,,,,"$585,000.00 ",No,-85.3026498,34.9306325
"57.5 Acres Hwy 72 100 RV Hookups Yorktown, TXDewitt Co.",850 W Main St,Yorktown,TX,78164,,"$13,300 ",,,"$1,330,000.00 ",No,-97.51543081,28.97898257
Grande Vista,711 N Prescott Ave,Willcox,AZ,85643,,,,,"$1,500,000.00 ",No,-109.8338428,32.2620407
MIDLANDS FAMILY RV PARK,7022 East County Road 64,Midland,TX,79705,28,,,,"$750,000.00 ",No,-101.9780364,32.0610932
OfficeMultifamilyMobile Home Park South Augusta,3072 Deans Bridge Rd,Augusta,GA,30906,,,,,"$525,999.00 ",No,-82.0491987,33.42761208
Haven RV Park,6950 Lake Isabella Blvd,Lake Isabella,CA,93240,34,,,7.90%,"$950,000.00 ",No,-118.468889,35.635521
El Rancho Estates  Valley Palms,2370 E Hobsonway,Blythe,CA,92225,146,"$18,836 ","$205,517.00 ",4.52%,"$4,550,000.00 ",No,-114.5601683,33.6098078
Norfolk RV Park,9321 N Norfolk Rd,Cushing,OK,74023,11,,,0.00%,"$199,900.00 ",Yes,-96.7139086,36.08690016
Granite Creek manufactured housing community,670 Granite Rd,Kerhonkson,NY,12446,,,"$65,000.00 ",8.14%,"$825,000.00 ",No,-74.27244145,41.75354791
Northern CA Portfolio,1950 Northcrest Dr,Crescent City,CA,95531,145,,"$571,084.00 ",8.20%,"$6,995,000.00 ",No,NA,NA
9133 Two Notch Road,9133 Two Notch Rd,Columbia,SC,29223,,,,0.00%,"$1,200,000.00 ",No,-80.925418,34.0928783
Flour Bluff RV and Mobile Home Park,635 Yorktown Blvd,Corpus Christi,TX,78418,54,,"$156,789.00 ",7.13%,"$2,200,000.00 ",No,-97.3117572,27.6235282
Westridge Acres,3002 12th St,Harlan,IA,51537,84,"$19,643 ","$112,610.00 ",6.82%,"$1,650,000.00 ",Yes,-95.32563218,41.63868312
Mineola Rv Park,1359 US-80,Mineola,TX,75773,49,"$24,490 ","$87,651.00 ",7.30%,"$1,200,000.00 ",Yes,-95.4619901,32.6568415
Kentucky Avenue MHP,246 Vanzandt Road,Lily,KY,40740,28,,,9.70%,"$825,000.00 ",No,-84.061123,37.0190589
Lakeland FL 13-sp MHP Long Term Seller Financing,1335 Bell Ave,Lakeland,FL,33805,13,,"$129,414.00 ",10.78%,"$1,200,000.00 ",Yes,-81.995664,28.0616191
RIVERS EDGE RV PARK,15 Gilmore Rd,Red Bluff,CA,96080,59,"$38,983 ","$122,637.00 ",5.30%,"$2,300,000.00 ",No,-122.2277622,40.17885023
Welcome to the country life,2035 FM 1566,Celeste,TX,75423,1,,,,"$729,900.00 ",No,-96.2163597,33.3055312
River Bluff,14725 NW 1st Pkwy,Okeechobee,FL,34972,16,,"$145,135.00 ",8.80%,"$1,649,900.00 ",No,-80.9799628,27.2448526
Walnut Park Lane Mobile Home Park,Walnut Park Ln,Milton,NY,12547,40,"$92,500 ","$210,000.00 ",6.00%,,No,-73.9714636,41.6603
1201 Fort Selden Rd 36 Acres in Radium Springs,1201 Fort Selden Rd,Las Cruces,NM,88007,,,,,"$1,254,000.00 ",No,-106.9198295,32.4828363
8903 Nelson Road,8903 Nelson Rd,Soddy-Daisy,TN,37379,8,,,,"$600,000.00 ",No,-85.1461438,35.208172
Billujps,4742 Calhoun Dr,Liberty,NC,27298,,,,,,Yes,-79.6509419,35.9006991
9 Unit Mobile Home Park,15901 Brenda St,Hudson,FL,34667,9,,"$142,000.00 ",9.63%,"$1,475,000.00 ",Yes,-82.65273155,28.38861599
Fayetteville Hwy MHP,2552 Polly Adams Rd,Belfast,TN,37019,30,,"$215,000.00 ",,,No,-86.6862943,35.3736134
10 Unit Mobile Home Park,15520 Madeline Dr,Hudson,FL,34667,10,,"$127,000.00 ",9.34%,"$1,360,000.00 ",Yes,-82.65330293,28.38329228
Live Oak Belle Chase Mobile Home  RV Park,108 Peach Ln,Belle Chasse,LA,70037,52,,"$203,294.00 ",9.12%,"$2,230,000.00 ",No,-90.02982366,29.76939876
Orange Grove Trailer Park,510 Roberts Ln,Bakersfield,CA,93308,51,,,5.65%,"$2,350,000.00 ",Yes,-119.0309043,35.4085976
Hennon  Dugger MHP Portfolio,1080 Hennon Dr NW,Rome,GA,30165,19,"$25,263 ","$96,025.00 ",12.31%,"$780,000.00 ",No,NA,NA
Magnolia Court,621 Live Oak St,Freeport,FL,32439,6,,"$52,409.00 ",10.28%,"$510,000.00 ",No,-86.3430132,30.4721739
RV Park,111 2806,Mabank,TX,75147,21,,,,"$1,700,000.00 ",No,-96.0467429,32.4150706
Blythe Marina Estates MHC MAJOR PRICE REDUCTION,251 S Colorado River Rd,Blythe,CA,92225,60,,,,,No,-114.5342492,33.6079208
Timberview Estates,383 Church St,Corsica,PA,15829,111,"$5,396 ",,,"$599,000.00 ",No,-79.2050521,41.1842414
Meadowbrook Court Mobile Home Park,333 N County Line Rd,Windsor,MO,65360,17,"$52,941 ","$88,834.00 ",9.87%,"$900,000.00 ",No,-93.5120559,38.5365602
16530 Stoddard Wells Rd. Shady Oasis Mobile Home  RV Park,16530 Stoddard Wells Rd.,Victorville,CA,92395,154,,,,"$3,500,000.00 ",No,-117.2912281,34.5505396
"Desirable 55 Mobile Home Park in Duluth, MN",3911 Brian Rd,Duluth,MN,55803,,,,,"$1,200,000.00 ",No,-92.0910555,46.8577968
Hwy 19 7-Unit Mixed Complex - Investment Opp,2892 TX-19,Huntsville,TX,77320,7,,,,"$950,000.00 ",No,-95.46343357,30.79306202
492 GA Hwy 87 Mobile Home Park,492 Georgia Hwy 87 S,Cochran,GA,31014,0,,,,"$1,300,000.00 ",No,-83.32712597,32.36866988
Old Clarksburg Lumber Yard Offering,52980 Clarksburg Rd,Clarksburg,CA,95612,,,,,"$775,000.00 ",No,-121.528099,38.42065
Develpment Ground,2121 NE 3rd St,Prineville,OR,97754,,,,,"$1,199,999.00 ",No,-120.8215279,44.30326236
The Breeze at Oleander,1845 Oleander,Bolivar Peninsula,TX,77650,3,"$149,667 ",,,"$449,000.00 ",No,-94.634019,29.45323
Fields Walk MHC,15 Fields Walk,Summerville,GA,30747,101,"$34,653 ",,6.64%,"$3,500,000.00 ",No,-85.3269502,34.5153783
RiverWalk RV Park,3040 Clemans Rd,Clarkston,WA,99403,31,,,7.00%,"$2,150,000.00 ",No,-117.0660209,46.3666268
520 Bone Plain Road,520 Bone Plain Rd,Freeville,NY,13068,,,,,"$225,000.00 ",No,-76.4266376,42.5308714
RV Parking,5401 County Rd 75,Midland,TX,79707,17,"$28,176 ","$64,680.00 ",13.50%,"$479,000.00 ",No,-102.2616781,32.019466
Cotulla Village Mancamp Portfolio,748 TX-115,Kermit,TX,79745,123,,"$575,313.00 ",15.55%,"$7,825,000.00 ",No,-103.1125469,31.8438279
Preble Way Land - Approved Modular Home Park,51366 Preble Way,La Pine,OR,97739,11,,,,"$250,000.00 ",No,-121.5031425,43.6647443
Natures Paradise RV Park,100 Pr 6065,Grapeland,TX,75844,33,,,,"$890,000.00 ",No,-95.615899,31.425132
Lake Morena RV Park,2330 Lake Morena Dr,Campo,CA,91906,41,,,10.32%,,No,-116.508553,32.676412
4 Unit Mobile HomeRV Park,US-441,Okeechobee,FL,34974,,,,,"$375,000.00 ",No,-80.6842759,27.1299246
Pines Senior Park,10530 Walker Dr,Grass Valley,CA,95945,28,,"$169,373.00 ",5.21%,"$3,250,000.00 ",No,-121.0821803,39.2207839
Thunderhill Place,3592 Thunderhill Pl,Vincennes,IN,47591,,"$23,913 ","$74,717.00 ",6.79%,"$1,100,000.00 ",No,-87.4821603,38.7288461
Iowa Portfolio,2699 Garnavillo Dr,Dubuque,IA,52003,1215,,,,,No,-90.6814631,42.4556907
Poplar Street Mobile Home Park -Land,Poplar St,Watford City,ND,58854,,,,,"$430,000.00 ",No,-103.2757748,47.80505508
-5.21 Acres of Coveted CMX Zoning  Current Use is MHP,104 E Sierra Ave,Fresno,CA,93710,60,,,,"$4,095,000.00 ",No,-119.7864938,36.8314451
La Pine Mobile Home Park,51386 Huntington Rd,La Pine,OR,97739,15,"$128,571 ","$105,143.00 ",5.84%,"$1,800,000.00 ",No,-121.5050282,43.6671374
24-Space MHP Near St Augustine For Sale - Seller Financing,2800 Co Rd 13A,Elkton,FL,32033,8,,,,,No,-81.4846687,29.7790956
"Saddlebrook River Estates, The River Club",362 Saddlebrook Dr,Sparta,TN,38583,132,"$15,076 ",,,"$1,990,000.00 ",No,-85.46629077,35.84638495
Brick House RV Park,1029 FM 2094,Kemah,TX,77565,105,,,,,No,-95.03353513,29.54052634
Sandusky Mobile Home Park,2721 340th St,Keokuk,IA,52632,11,"$11,000 ","$18,689.00 ",8.50%,"$220,000.00 ",No,-91.39196376,40.46466751
Pageland MHP Portfolio,5622 Steen Rd,Jefferson,SC,29718,,"$53,571 ","$148,234.00 ",9.88%,"$1,500,000.00 ",No,-80.329971,34.654918
Motherlode 55 MHC,14192 Tuolumne Rd,Sonora,CA,95370,92,"$70,652 ","$381,941.00 ",5.88%,"$6,500,000.00 ",No,-120.332411,37.967775
Baytown Rv Park,108 Ward Rd,Baytown,TX,77520,55,"$45,455 ",,,"$2,500,000.00 ",No,-94.96346608,29.7424327
3.81 AC RVMH Park or Self Storage Development Opportunity,4409 W Stan Schlueter Loop,Killeen,TX,76549,,,,,"$500,000.00 ",No,-97.79665205,31.0888316
Summerville Trade Day Flea Market,100 Elder Trailer Park Rd,Summerville,GA,30747,,,,,"$995,000.00 ",No,-85.3306534,34.50387
Confidential Southeast Ohio MHP,100 Confidential,Belpre,OH,45714,43,"$33,721 ","$89,081.00 ",6.14%,"$1,450,000.00 ",No,-81.6254283,39.3297421
11 RV Spaces  Georgetown ETJ  Toll Road 130,300 Lisa Ln,Georgetown,TX,78626,12,,"$64,740.00 ",5.10%,"$1,270,000.00 ",No,-97.6352104,30.6651126
Countryside Mobile Home Park,1357 Tulip Ave,Riverside,IA,52327,13,"$38,846 ","$46,296.00 ",9.17%,"$505,000.00 ",No,-91.5756381,41.45932
Tingley Lake Estates,11800 Tingley Ln,Klamath Falls,OR,97603,54,"$65,741 ","$269,937.00 ",7.60%,"$3,550,000.00 ",No,-121.779171,42.116982
Hood Canal Commercial Waterfront RV Sites,6791 WA-106,Union,WA,98592,,,,,"$599,000.00 ",No,-123.0741771,47.3485509
Indian Shores RV Resort,7750 Indian Shrs Rd,Woodruff,WI,54568,195,,,,,No,-89.6426026,45.8424769
Mansfield LOT 23 Residential Developer Needed.,54 Nadalini Dr,Mansfield,PA,16933,,,,,"$279,900.00 ",No,-77.0839943,41.799503
Maple Leaf,5800 Leedale St,Houston,TX,77016,33,,"$182,560.00 ",6.50%,"$3,410,000.00 ",No,-95.3041148,29.8756936
Rainbow Plantation RV Park,16191 Siena St,Summerdale,AL,36580,,,,,"$4,000,000.00 ",No,-87.7815235,30.4612145
Pine Springs Mobile Home Park Redevelopment,6920 Clark Rd,Paradise,CA,95969,,"$9,800 ",,,"$627,200.00 ",No,-121.584315,39.785599
Randall Fugate,335 Randall Fugate Rd,Spring City,TN,37381,,,,,"$198,000.00 ",No,-84.7563187,35.740629
Victorian Village,148 W Park Ave,Empire,CO,80438,12,"$82,917 ","$76,099.00 ",7.65%,"$995,000.00 ",No,-105.6846098,39.7613431
Hazel Crest,16902 Dixie Hwy,Hazel Crest,IL,60429,25,,,,"$590,000.00 ",No,-87.6657709,41.5818669
Pebble Gardens Mobile Home Community,3600 N Montana Ave,Helena,MT,59602,41,"$91,071 ","$126,865.00 ",2.49%,"$5,100,000.00 ",No,-112.023809,46.62477
757 County Road 308,757 Co Rd 308,Downieville-Lawson-Dumont,CO,80436,6,"$141,667 ","$67,332.00 ",7.92%,"$850,000.00 ",No,-105.6101349,39.76554354
Corral RV Park,1402 S Cherry St,Tomball,TX,77375,209,,"$1,001,000.00 ",6.81%,"$14,700,000.00 ",No,-95.6120267,30.0831601
"10295 HWY 550 Lybrook, NM",10295 US-550,Cuba,NM,87013,,,,,"$199,900.00 ",No,-107.5471876,36.2289897
Horspen Creek Mobile Home Park,15813 N 113th E Ave,Collinsville,OK,74021,34,"$13,971 ",,,"$475,000.00 ",No,-95.8472533,36.3858918
Elms Mobile Home and RV Park,2203 S Lincoln Ave,York,NE,68467,41,,"$79,454.00 ",9.35%,"$850,000.00 ",No,-97.59746606,40.84216842
Woods of Coloma - Mobile HomeTrailer Park,W12888 Curlew Ct,Coloma,WI,54930,18,"$36,333 ","$58,859.00 ",9.00%,"$654,000.00 ",No,-89.521488,44.019342
Lexie Ln Lot WP001,Lexie Ln Lot WP001,Front Royal,VA,22630,24,,,,"$2,700,000.00 ",No,-78.227251,38.9547665
Thomas Crossings,1723 Cranberry Lake Cir,Saginaw,MI,48609,,,,,"$5,750,000.00 ",No,-84.0700017,43.3981766
"3915 Schillinger Rd S, Mobile, AL 36619",3915 Schillinger Rd S,Mobile,AL,36619,,,,,"$399,459.00 ",No,-88.22493189,30.60918988
11 Acres with 4500sqft Building - Potential MHP or RV Park,2298 Johnson Road,Townsend,GA,31331,,,,,"$629,000.00 ",No,-81.37125294,31.5245605
Sunrise Mobile Home Park - Anderson CA,7025 Eastside Rd,Anderson,CA,96007,16,"$71,875 ","$106,273.00 ",9.24%,"$1,150,000.00 ",No,-122.3575835,40.4906362
SELLER DESIRES 1231 COE. CALL FOR OFFERS BY 10212024,815 Sky Rd,Indian Springs,NV,89018,114,"$26,316 ","$121,000.00 ",4.03%,"$3,000,000.00 ",No,NA,NA
22 Space8 CAP on Current 85 Occupancy,106 McCord Ave,Bakersfield,CA,93308,22,"$39,773 ","$72,160.00 ",8.25%,"$875,000.00 ",Yes,-119.0217128,35.4070742
D  R Mobile Home Park,5234 Platt Springs Rd,Lexington,SC,29073,11,,"$66,000.00 ",7.95%,"$830,000.00 ",No,-81.20702474,33.90940439
St James MHC,166 Appaloosa Trail,Corbin,KY,40701,,,,,,No,-84.092961,36.9757366
17-34 AC 6721 HWY 30,6721 SH 30,Anderson,TX,77830,,,,,,No,-96.08966252,30.59493354
Suburban East RV Park,5700 Cedar Rd,Big Spring,TX,79720,133,,,,"$3,250,000.00 ",No,-101.4836862,32.2347099
Trail Acres MHP,550 Smith Ave,Du Quoin,IL,62832,17,"$17,647 ","$3,809.00 ",1.27%,"$300,000.00 ",No,-89.2309156,38.0198008
0 State Hwy 78,OK-78,Durant,OK,74701,32,,,,"$999,000.00 ",No,-96.3764088,33.9907333
2588 134th Ave NW,2588 134th Ave NW,Arnegard,ND,58835,3,,,,"$595,000.00 ",No,-103.4387176,47.7849482
5 Pad MHP off HWY 29 in Greer 29651,104 Belk Ct,Greer,SC,29651,4,,"$32,340.00 ",9.54%,"$339,000.00 ",No,-82.2043677,34.9472732
Prime Warehouse Facility,15047 Sheila Ann Dr,Hudson,FL,34669,3,"$223,333 ",,,"$670,000.00 ",No,-82.6068757,28.3771795
Cedar Hills Mobile Home Park,49 Cedar Hills Rd,Midway,AR,72651,,,,7.90%,"$800,000.00 ",No,-92.4990635,36.3926342
"RV Camp 14 Acres, 5,000 Sq Ft Flex Use Building",12606 Holt Peterson Rd,Cottondale,AL,35453,,,,,"$475,000.00 ",No,-87.43493333,33.23598811
Pittsburgh MHC Portfolio,"600 Laurel View Dr.  Mount Pleasant, PA",Mount Pleasant,PA,15666,386,,,,,No,-79.54503957,40.09834763
Mobile Home PARK Trinity with House and 5 Acres,14669 FM356,Trinity,TX,75862,,"$91,667 ",,,"$550,000.00 ",Yes,-95.177984,30.848929
Rosepine and Diboll Storage Portfolio,503 1st St N,Diboll,TX,75941,117,"$6,838 ","$62,822.00 ",7.85%,"$800,000.00 ",Yes,NA,NA
1505 Co Rd 23,1505 Co Rd 23,Florence,AL,35633,29,,,8.00%,"$1,899,000.00 ",No,-87.732637,34.814174
THE 10 on Hwy 21,1294 TX-21,Paige,TX,78659,,,,,"$499,000.00 ",No,-97.216447,30.158946
Old Woodville Road,Old Woodville Rd,Livingston,TX,77351,,,,,"$800,000.00 ",No,-94.92332806,30.71441196
Genesee Forest Estates,1806 E Webster Rd,Flint,MI,48505,252,"$9,127 ","$176,732.00 ",7.07%,"$2,500,000.00 ",No,-83.66590329,43.06575292
Bradshaw Sunset RV Park,352 W Bradshaw Rd,Springtown,TX,76082,64,"$22,021 ",,,"$1,321,250.00 ",No,-97.69537815,32.94574432
Reeves RV Park,2112 I-35,Cotulla,TX,78014,15,,"$36,000.00 ",7.21%,"$499,000.00 ",No,-99.25297254,28.41500039
Brewton Mobile Home Park,3672 US-29,Brewton,AL,36426,5,,,,"$150,000.00 ",No,-87.0011059,31.081134
Sunnyside Trailer Park,404 S Central Ave,Compton,CA,90220,16,,"$67,720.00 ",5.51%,"$1,230,000.00 ",No,-118.2508119,33.8926491
Myers MHC,222 Myers St,Hancock,MD,21750,6,"$75,000 ",,,"$415,000.00 ",No,-78.1897167,39.7036234
San Antonio RV Portfolio - Vista  Quail Ridge RV Park,721 4th St,Floresville,TX,78114,75,,,,"$1,900,000.00 ",No,NA,NA
Alpha Park,Reagan Dr,Eureka,IL,61530,18,"$28,947 ","$102,083.00 ",18.56%,"$550,000.00 ",No,-89.26819549,40.71219405
Oakwoods MHC,290 Ada Ct,Tallahassee,FL,32305,75,,"$118,367.00 ",,,No,-84.270528,30.388835
Pheasant Ridge Mobile Estates Redevelopment,7075 Clark Rd,Paradise,CA,95969,,"$9,800 ",,,"$656,600.00 ",No,-121.5874272,39.7908606
Mt Brock Estates,899 Air Force Rd,Tonopah,NV,89049,24,"$12,250 ",,,"$245,000.00 ",No,-117.2305073,38.0580783
1908 North State HWY 95,1908 State Hwy 95,Bastrop,TX,78602,2,,,,"$978,000.00 ",No,-97.3190599,30.23291
TeePee RV Park and Mini Storage,229 US-180,Seminole,TX,79360,30,,,,"$4,500,000.00 ",No,-102.633978,32.71024
Saltville Mobile Home Park,730 Burley Dr,Saltville,VA,24370,,,,,"$830,000.00 ",No,-81.722878,36.8672885
The Holloway Mobile Home Park,516 Silver Maple St,Fredericksburg,TX,78624,16,"$118,750 ",,,"$1,900,000.00 ",No,-98.8822348,30.2693805
689 Chamberlin - 74 Acres Dale,689 Chamberlin Rd,Dale,TX,78616,,,,,"$958,000.00 ",No,-97.5410937,29.9607124
Fort Myers Eco Park  Mobile Home  Duplex Investor,3411 Broadway,Fort Myers,FL,33901,,,"$78,000.00 ",7.81%,"$999,000.00 ",No,-81.8673134,26.61441243
Sunrise MHP,6131 AZ-90,Sierra Vista,AZ,85635,18,,"$48,018.00 ",7.68%,"$625,000.00 ",No,-110.2204419,31.5553291
Creekside Village,4 King Rd,Harpursville,NY,13787,36,,"$107,352.00 ",9.76%,"$1,100,000.00 ",No,-75.6306309,42.183054
Ilene's Place,35467 Co Rd 133,Fairview,MT,59221,,,,,"$750,000.00 ",No,-104.064643,47.835445
Harney Rd Mobile Homes,7213 Harney Rd,Tampa,FL,33617,4,,"$43,075.00 ",10.04%,"$429,000.00 ",No,-82.3743461,28.0159083
4791 Woodvery Dr A. Sherman,4791 Woodvery Dr,Liberty,NC,27298,,,,,,Yes,-79.6510528,35.8982648
Sawyers Rapids RV Resort,24828 OR-38,Elkton,OR,97436,40,"$43,750 ","$135,023.00 ",7.72%,"$1,750,000.00 ",No,-123.670364,43.681901
"14-Unit Multifamily Community in Lyons, CO",224 Seward St,Lyons,CO,80540,14,,"$117,187.00 ",6.70%,"$1,750,000.00 ",No,-105.2677743,40.22726245
ORANGEBURG MHP,697 Seawright St,Orangeburg,SC,29115,4,,"$4,103.00 ",6.84%,"$60,000.00 ",No,-80.8434459,33.5138967
MOBILE PARK - MULTIFAMILY - 241 Chauvin Place El Paso 79928,241 Chauvin Pl,El Paso,TX,79928,3,,,0.00%,"$495,000.00 ",No,-106.1639634,31.6899594
100 Odum Rd,100 Odom Rd,Americus,N/A,31719,0,,,0.00%,"$650,000.00 ",No,-84.2627186,32.0742494
99-Space MHC - Desirable Des Moines Metro - Ready for Infill,7368 NE Berwick Dr,Ankeny,IA,50021,99,,,,,No,-93.5486154,41.6927765
Live Oak Airport Tract,446 Paisano Dr,George West,TX,78022,,,,,"$350,000.00 ",No,-98.118744,28.368758
Birchtree Meadows Mobile Home Park,Route 182 Franklin Road,Hancock,ME,4640,42,"$90,476 ","$321,718.00 ",8.47%,"$3,800,000.00 ",No,-68.30945605,44.5456873
2627 Heavenly Dr. Estates,2617 Heavenly Dr,Marianna,FL,32448,5,,,,"$220,000.00 ",No,-85.29585768,30.75762297
"Oldtown, ID Waterfront Development Land","215 N Montana St, Oldtown, ID 83822",Oldtown,ID,83822,4,,,,"$905,000.00 ",No,-117.0357598,48.1826953
"18 ACRES in Kenedy, TX",US 181,Kenedy,TX,78119,,,,,"$346,000.00 ",No,-97.88678575,28.85571199
403 W 48th,403 W 48th St,Odessa,TX,79764,9,,,,"$229,000.00 ",No,-102.3920848,31.88776073
9.3 Acres - High Density  Mixed Use Land For Sale,33240 Ute Ave,Waukee,IA,50263,,,,,"$1,795,662.00 ",No,-93.8805987,41.5586165
Loring Woods MHP,149 Loring Commerce Rd,Limestone,ME,4750,17,"$6,389 ",,,"$345,000.00 ",Yes,-67.8699105,46.9215314
Alibi Ice House,9643 FM1409,Dayton,TX,77535,,,,,"$699,000.00 ",No,-94.834391,29.934545
304 Brady Road,304 Brady Rd,Americus,GA,31709,36,,"$57,510.00 ",7.20%,"$799,000.00 ",Yes,-84.1967327,32.0493382
Gold Fever RV Park  Resort,53874 US-60,Salome,AZ,85348,18,,"$65,903.00 ",14.65%,"$450,000.00 ",No,-113.8213603,33.7064926
Greyson Grove MHP,1319 Goldrock Rd,Rocky Mount,NC,27804,76,,"$237,925.00 ",5.60%,"$4,250,000.00 ",No,-77.8062045,36.0007435
Morris RV Park,17220 US-62,Morris,OK,74445,,,"$135,000.00 ",,"$2,300,000.00 ",No,-95.88684612,35.60974393
Southeast IA 2-Park Portfolio,115 S Oak St,Donnellson,IA,52625,13,"$13,462 ",,,"$175,000.00 ",No,NA,NA
Holbrook Mobile Home Park with Room for Expansion,1205 Navajo Blvd,Holbrook,AZ,86025,12,,,13.00%,"$200,000.00 ",No,-110.1573841,34.9110212
5 S Plum Creek,5 S Plum Creek Rd,Uhland,TX,78640,,,,,"$800,000.00 ",No,-97.7955977,29.9643234
652-658 Rabbit Run Rd.,658 Rabbit Run Rd,Aransas Pass,TX,78336,3,,,,"$665,000.00 ",No,-97.13911895,27.94752444
Paisley Mobile Home  RV Park,2601 Apollo St,Odessa,TX,79764,16,"$36,667 ","$47,556.00 ",8.65%,"$550,000.00 ",No,-102.4319812,31.92652103
Kerrville Income Property with Owner financing available,TBD,Kerrville,N/A,78028,5,"$197,000 ","$75,004.00 ",7.70%,"$985,000.00 ",No,-99.1403189,30.0474332
The West River Park,2132 VT-30,Jamaica,VT,5343,,,,,"$699,000.00 ",No,-72.7590435,43.085254
20.44 ACRES on South Highway 181,12460 S U.S. Hwy 181,San Antonio,TX,78223,,,,,"$1,950,000.00 ",No,-98.36455915,29.29495616
"3200 E Van Buren, Eureka Springs, AR 72756",3200 E Van Buren,Eureka Springs,AR,72632,,,,,"$525,000.00 ",No,-93.71182746,36.38885157
Lake Veiw RV park,S 600 Ln,Copeland,OK,74344,5,,,,"$189,000.00 ",No,-94.7986457,36.659899
Posadal Del Sol 55,28513 S Palm Ct Dr,Harlingen,TX,78552,,,"$88,940.00 ",3.42%,"$2,600,000.00 ",No,-97.7289445,26.1447454
Lunsford MHP,1015 Rhea Ave,Opp,AL,36467,67,,,,,No,-86.2724725,31.271953
Kenedy Commercial Land,Park Pl,Kenedy,TX,78119,,,,,"$575,000.00 ",No,-97.86760893,28.84046774
Mobile Home Park,39733 W 1510 Dr,Dewey,OK,74029,7,,"$39,215.00 ",8.71%,"$450,000.00 ",No,-95.918268,36.799455
Clarion Mobile Home Park,701 4th St NW,Clarion,IA,50525,10,"$27,500 ",,,"$275,000.00 ",No,-93.7377309,42.73747202
Mobile Home Park,536 S Main St,Pearson,GA,31642,8,,,,"$435,000.00 ",No,-82.85443292,31.29040605
Three Rivers MHP  RV Park,9685 US-90,Del Rio,TX,78840,73,"$10,274 ","$58,079.00 ",7.74%,"$750,000.00 ",No,-100.9757576,29.46094319
Eastview Mobile Home Park,750 E View Rd,Salisbury,NC,28146,15,"$50,000 ","$87,950.00 ",11.73%,"$750,000.00 ",No,-80.4679243,35.5780869
Commercial Building for Sale,9607 TX-114,Lubbock,TX,79407,,,,,"$400,000.00 ",No,-102.0288397,33.577203
"Trojan Way MHP - Troy, AL",208 Trojan Way,Troy,AL,36081,14,,"$23,100.00 ",5.14%,"$449,000.00 ",No,-85.9736802,31.8222354
Stagecoach RV Park 45 Spaces Hookups Cuero TX Dewitt Co.,1009 W Heaton St,Cuero,TX,77954,,"$15,222 ",,,"$685,000.00 ",No,-97.30248793,29.08703331
"""Pensacola House"" Communal Dwelling Facility",6200 W Fairfield Dr,Pensacola,FL,32506,16,"$28,119 ","$69,365.00 ",15.42%,"$449,900.00 ",No,-87.2976611,30.4321757
West Monroe Portfolio,319 Pink St,West Monroe,LA,71292,35,,,11.00%,"$825,000.00 ",No,NA,NA
Great Investment Opportunity,24 Privateroad 6051 Rd,Marion Center,PA,15759,,,,,"$115,000.00 ",No,-79.0419163,40.7487099
42 Acres Near Kerr Lake,1233 Burchette Rd,Manson,NC,27553,2,,,,"$375,000.00 ",No,NA,NA
Blue Spruce Mobile Estates Land Development,7035 Pentz Rd,Paradise,CA,95969,32,"$21,406 ",,,"$685,000.00 ",No,-121.5795917,39.79071102
Park-Model RV,126 Stoney Brook Dr,Cedar Creek,TX,78612,,,,,"$126,000.00 ",No,-97.4494497,30.1287705
Lifestyle Mobile Home RV Park,1851 Lossie Dr,Marianna,FL,32448,39,"$47,619 ",,10.00%,"$2,000,000.00 ",No,-85.1567773,30.6997538
The HUB,28313 US-27,Leesburg,FL,34748,41,"$73,171 ","$190,000.00 ",6.33%,"$3,000,000.00 ",No,-81.87967069,28.7601719
2401  2485 E. Main St,2401 & 2485 E. Main St,Cañon City,CO,81212,17,,"$118,075.00 ",8.14%,"$1,450,000.00 ",No,-105.2119162,38.4473491
Mystic Quarry Resort,13190 FM306,Canyon Lake,TX,78133,118,,,,"$8,300,000.00 ",No,-98.1770394,29.867935
All-Age Connecticut MHC,-,New Haven,CT,6501,50,,,7.25%,"$4,700,000.00 ",No,-72.9299465,41.309955
Splendora RV Park Investment,15977 1st Street,Splendora,TX,77372,,,,,"$1,100,000.00 ",No,-95.17576725,30.21310561
Yorktown Extended Stay Mobil Home Park,1500 TX-72,Yorktown,TX,78164,10,,"$167,823.00 ",17.21%,"$975,000.00 ",No,-97.54383643,28.97359215
"48-Pad Mobile Home Park for Sale in Mayfield, KY - 18 acres",94 Flood Rd,Mayfield,KY,42066,22,,,,"$1,500,000.00 ",No,-88.560634,36.685224
Vagabond MHC,3665 Cerrillos Rd,Santa Fe,NM,87507,39,,"$193,002.00 ",6.23%,"$3,100,000.00 ",No,-106.0075707,35.6457987
Livingston RV Park,11777 US-59,Livingston,TX,77351,,,,,"$1,094,900.00 ",No,-94.85505386,30.85383776
Country Crossroads,7588 Farm to Market Rd 1459,Sweeny,TX,77480,,,,,"$1,095,000.00 ",No,-95.690001,29.0900179
4580 E Rex Street,4580 E Rex St,Tucson,AZ,85706,10,,"$58,000.00 ",8.92%,"$650,000.00 ",Yes,-110.8940817,32.1395689
"744 North Kemp Street Kingston, OK 73439 Mobile Homes",744 N Kemp St,Kingston,OK,73439,6,,"$45,000.00 ",8.50%,"$529,411.00 ",No,-96.722104,34.0057699
Enterprise Mobile Home Park,3830 Rucker Blvd,Enterprise,AL,36330,,,,,"$1,260,000.00 ",No,-85.7811018,31.3368705
Investors and MHP Owners,195 Clayton James Rd,Jacksonville,NC,28540,,,,,,No,-77.5335183,34.7042439
Waterfront 3-Unit Portfolio at the Village at Potters Pond,689 Succotash Rd,South Kingstown,RI,2879,3,"$482,333 ","$42,814.00 ",2.96%,"$1,447,000.00 ",No,-71.52591842,41.38466066
Mobile Home Park in Elkhart Texas with 6 Units on 5.85 acres,162 County Rd 162,Elkhart,TX,75839,6,,,,"$250,000.00 ",No,-95.575718,31.641166
Stampede RV Park and Restaurant,18 W Allen St,Tombstone,AZ,85638,,"$39,726 ","$223,317.00 ",7.70%,"$2,900,000.00 ",No,-110.0722081,31.7138244
399 CR 201 Carancahua Blvd Income Producing RV Park,201 Carancahua St,Sargent,TX,77414,,,,,"$100,000.00 ",No,-95.6348706,28.7699959
914 Euclid Avenue,914 N Euclid Ave,Pierre,SD,57501,30,,,,"$1,200,000.00 ",No,-100.3482175,44.379327
Riverview Mobile Home Park,596 US-395,Gardnerville,NV,89410,50,,,,"$5,250,000.00 ",No,-119.5743485,38.7577157
Ayer's Resort at Lake Fork,3361 FM 17,Alba,TX,75410,9,"$55,444 ","$58,655.00 ",13.93%,"$499,000.00 ",No,-95.6309417,32.8488531
00 Sundale Lane Mobile Home Park,Sundale Ln,Lincolnton,NC,28092,6,,"$40,815.00 ",8.18%,"$499,000.00 ",No,-81.275978,35.4423076
Mountainview Development Opportunity,42 Old State Rte 52,Woodbourne,NY,12788,,,,,,No,-74.61182,41.7586
Peachtree Estates,127 Spanky Ave,Oglethorpe,GA,31068,55,"$45,455 ","$250,445.00 ",10.02%,"$2,500,000.00 ",Yes,-84.063293,32.312347
Roanoke RV Campground,-,Roanoke,VA,24104,60,,,10.76%,"$2,400,000.00 ",No,-79.4816378,37.1383561
Seven Oaks Mountain Resort,39950 7 Oaks Road,Angelus Oaks,CA,92305,,,,,"$6,700,000.00 ",No,-116.929851,34.180741
Commercial Sale Johns Island MHP,3621 State Rd S-10-1333,Johns Island,SC,29455,34,,,,"$5,995,000.00 ",No,-80.1070846,32.730687
5435 Lewellyn Road,5435 Lewellyn Road,Lakeland,FL,33810,46,,,,"$5,800,000.00 ",No,-82.0219494,28.1122249
Walnut Cove Marina,8767 TX-34,Quinlan,TX,75474,,,,,"$499,000.00 ",Yes,-96.1276068,32.9090925
Edgewater Resort,224 S Winding Way,Buchanan Dam,TX,78609,52,"$50,000 ",,,"$2,600,000.00 ",Yes,-98.4582314,30.7528278
Apache Acres MH  RV Park,2468 Running Bear Rd,Lakeside,AZ,85929,,,,,"$3,500,000.00 ",No,-109.990827,34.162942
2399 Highway 182 Bridgeport CA,2399 CA-182,Bridgeport,CA,93517,,,,,"$2,150,000.00 ",No,-119.2150882,38.2887386
Sunflower Meadows,205 SE 25th St,Topeka,KS,66605,49,,"$11,160.00 ",,"$7,800,000.00 ",No,-95.6771465,39.0216119
Kenedy Extended Stay,417 E Houston St,Kenedy,TX,78119,7,"$114,214 ","$71,085.00 ",8.89%,"$799,500.00 ",No,-97.84201011,28.81671049
"Mobile Home Park for Sale - 327 Holly Shelter, Jacksonville",327 Holly Shelter Rd,Jacksonville,NC,28540,10,$50 ,,,"$400,000.00 ",No,-77.545366,34.7218383
Valles Mobile Park,1447 Fatima Rd,Socorro,NM,87801,,,"$32,900.00 ",10.28%,"$320,000.00 ",No,-106.8974218,34.08618787
Cache Court MHP,1000 Madison St,Clarendon,AR,72029,37,"$22,222 ","$79,386.00 ",9.92%,"$800,000.00 ",No,-91.301946,34.6927975
Constance Beach RV,245 Kathy Dr,Cameron,LA,70631,,,,,"$135,000.00 ",No,-93.579768,29.759836
Lillian  Hobbs RV and Mobile Home Park Portfolio,4501 Lillian Hwy,Pensacola,FL,32506,28,"$34,821 ",,,"$975,000.00 ",No,NA,NA
Elk Creek Estates,802 S 3rd St,Grandview,TX,76050,33,,,,,No,-97.181444,32.2608779
201 Cunningham Boulevard,201 Cunningham Blvd,Anna,TX,75409,21,,,,"$1,950,000.00 ",No,-96.5506186,33.3375103
424 Industrial Ln,424 Industrial Ln,Pocatello,ID,83201,,,,,"$1,500,000.00 ",No,-112.4554917,42.9031779
Porter Rentals,342 Elberta Ave,Porter,OK,74454,,,,,"$235,000.00 ",No,-95.52087823,35.86784499
13759 Overseas Hwy. Marina,13759 Overseas Hwy,Marathon,FL,33050,3,,,,"$4,870,000.00 ",No,-81.0140914,24.7333788
River Run RV Village Development,91 Village Landing Dr,Marble,NC,28905,300,,,,,No,-83.9426698,35.162528
Interstate 10  SH 61,I-10,Hankamer,TX,77560,,,,,,No,-94.5808874,29.8375058
Brigham Village Mobile Home Community,410 N Main St,Brigham City,UT,84302,37,"$102,794 ","$189,023.00 ",5.41%,"$3,495,000.00 ",No,-112.014014,41.51958168
1307 E Snyder Street,1307 E Snyder St,Hobbs,NM,88240,,,,,"$375,000.00 ",No,-103.121594,32.703832
311 Thompson Rd,311 Thompson Rd,Madisonville,TN,37354,,,,,"$699,900.00 ",No,-84.41321,35.527113
Mobile Home Park in Deland FL,2395 N Woodland Blvd,DeLand,FL,32720,27,,"$191,018.00 ",9.10%,"$2,100,000.00 ",No,-81.31003989,29.07534014
"40 acre zoned W-2-10, for commercial, renewables, RV MHP.",Wiley's Well Road,Blythe,CA,92225,,,,,"$1,200,000.00 ",No,-114.8850114,33.5138026
20046 Joseph Ln.,20046 Joseph Ln,Land O' Lakes,FL,34638,12,,,,"$999,900.00 ",No,-82.4834159,28.2203046
Wyoming 5-MHC Portfolio,"Rawlins, WY USA",Rawlins,WY,82301,250,,,7.71%,"$16,900,000.00 ",No,-107.2386627,41.7910697
Artemis Meadows Mobile Home Park,13029 Yuba-Nevada Rd,Dobbins,CA,95962,,,,,"$390,000.00 ",No,-121.2256348,39.3473225
3748 Albert Pike Rd.,3748 Albert Pike Rd,Hot Springs,AR,71913,,,,,"$495,000.00 ",No,-93.1452055,34.5096287
Arcadia Mobile Home Park,5400 NY-31,Newark,NY,14513,31,"$29,839 ","$83,139.00 ",8.99%,"$925,000.00 ",Yes,-77.124274,43.049096
1003 West Bell Street,1003 W Bell St,Glendive,MT,59330,23,,,,"$435,000.00 ",No,-104.7262013,47.1053902
"Tavis, Front,  3rd - Rental Investment Property",212 Tavis Dr,Merlin,OR,97532,16,,,,"$1,999,999.00 ",No,-123.4201508,42.5213311
"Highway 1, 21.79 Acres",Highway 1 - Dixie Blanchard Rd,Shreveport,LA,71107,,,,,"$2,795,000.00 ",No,-93.8875032,32.6270734
TBD 6th Avenue,TBD 6th Avenue,Pierre,SD,57501,30,,,,"$1,500,000.00 ",No,-100.3470576,44.3803659
Searcy 23 pad MH Park,198 Oak Forrest Rd,Searcy,AR,72143,23,"$47,917 ","$134,111.00 ",11.25%,"$1,150,000.00 ",No,-91.7836543,35.2912273
Arkansas SFR Portfolio w Over 300 acres of land,727 Hattie Ln,Ward,AR,72176,125,"$79,200 ","$672,000.00 ",6.79%,"$9,900,000.00 ",No,-91.816765,35.015409
All Seasons Mobile Home  RV Park and Motel,12525 W Sunset Hwy,Airway Heights,WA,99001,51,,"$461,898.00 ",11.55%,"$3,999,000.00 ",Yes,-117.5844473,47.6417194
Spring Crossing Mobile Home Park,7320 New Sulphur Springs Rd,San Antonio,TX,78263,23,,,,"$1,878,160.00 ",No,-98.3456161,29.3559019
"Riverfront Mobile HomeRV Park, Tiny Homes, Single Family...",13395 N Indian River Dr,Sebastian,FL,32958,,,,,"$1,697,000.00 ",No,-80.47888064,27.83759519
Bingham Creek Oasis,24369 Bingham Creek Rd,Leander,TX,78641,11,,,,"$2,250,000.00 ",No,-97.94616971,30.61503334
Abilene Development Deal,158 Chapel Hill Rd,Abilene,TX,79605,206,"$6,500 ",,,"$1,339,000.00 ",No,-99.8146621,32.4511712
38 Ac Parcel Zoned MHP - Talladega,1501 Ashland Hwy,Talladega,AL,35160,,,,,,No,-86.07118992,33.42263115
"1054 Hwy 39, Ingram, TX 78025",1054 TX-39,Ingram,TX,78025,2,,,,"$1,895,000.00 ",No,-99.28850605,30.06983704
Mobile Home Park Development Downtown Spartanburg,1518 Farley Ave,Spartanburg,SC,29301,25,"$13,560 ",,,"$339,000.00 ",No,-81.960258,34.955665
"Target Range Trailer Court, Missoula MT",4022 South Ave W,Missoula,MT,59804,,,"$410,000.00 ",4.14%,"$9,900,000.00 ",No,-114.0797908,46.8499152
13350B Highway 105 - Mobile Home Park,13350B TX-105,Beaumont,TX,77713,,,,,"$1,750,000.00 ",No,-94.26657192,30.13474746
River's Edge RV Park  Merry Widow Health Mine,29 Frontage Rd,Basin,MT,59631,,,"$90,123.00 ",7.40%,"$2,400,000.00 ",No,-112.3722953,46.2853813
Condon RV Park,920 W Walnut St,Condon,OR,97823,,,"$47,992.00 ",9.62%,"$499,000.00 ",No,-120.1941433,45.23702639
501 Alice Drive,501 Alice Dr,Walden,NY,12586,,,,,"$49,900.00 ",No,-74.1501796,41.5265384
Hidden Acres RV Park and Storage,71 Will Evans Rd,Brownsville,TN,38012,78,,"$564,000.00 ",9.48%,"$5,950,000.00 ",No,-89.3332479,35.6524097
Lakeside Mobile Home Park,17004 E Lake Goodwin Rd,Stanwood,WA,98292,,,"$97,245.00 ",3.89%,"$2,499,000.00 ",No,-122.2857042,48.1504021
RLD-60 Investment Property,6200 Pickettville Rd,Jacksonville,FL,32254,18,,,,"$1,500,000.00 ",No,-81.754277,30.363442
1603 W Wetmore Rd,1603 W Wetmore Rd,Tucson,AZ,85705,8,,"$44,400.00 ",8.00%,"$575,000.00 ",No,-110.9995857,32.2864358
"3135 Lower Kula Road  Kula, Maui",3135 Lower Kula Rd,Kula,HI,96790,4,,,8.00%,"$4,950,000.00 ",No,-156.3255559,20.7759907
9 Unit Mobile Home Park on 16 Commercial Acres in Blacksburg,594 W Carolina St,Blacksburg,SC,29702,9,,"$43,910.00 ",9.24%,"$475,000.00 ",Yes,-81.53025007,35.11916263
Virginia 4 Property Portfolio,301 Givens Ln,Blacksburg,VA,24060,395,,,,,No,-80.4165828,37.2518694
Neflin Park,6831 Wire Rd,Zephyrhills,FL,33542,10,,"$122,000.00 ",11.09%,"$1,100,000.00 ",No,-82.1804449,28.2570954
Henderson Fish Camp,35 Henderson Rd,Lake Placid,FL,33852,44,"$54,717 ",,,"$2,900,000.00 ",No,-81.331325,27.3856264
1820 Lovely Oaks RV Park,10378 94th St,Live Oak,FL,32060,20,"$120,000 ","$239,125.00 ",9.96%,"$2,400,000.00 ",No,NA,NA
PD Canyon RV Park,Tradewind St,Amarillo,TX,79118,16,,,,"$500,000.00 ",No,-101.8299846,34.98161265
Little Star RV Park FULLY OCCUPIED  EASY REMOTE MANAGEMENT,1833 Hwy 2861,Comanche,TX,76442,,"$29,167 ",,,"$175,000.00 ",No,-98.502788,31.962373
RV Park,N Main St,Baytown,TX,77521,53,"$45,472 ",,,"$2,410,000.00 ",No,-94.97286753,29.8434511
"Attention Developers, Builders,  Investors Invest Florida",Perch St,Buckhead Ridge,FL,34974,,,,,"$1,400,000.00 ",No,-80.8743469,27.1459932
18055 County Rd G,18055 Co Rd G,Ordway,CO,81063,16,,"$237,108.00 ",10.31%,"$2,300,000.00 ",No,-103.7457106,38.21445591
White Oak RV Park,427503 Texanna Rd,Porum,OK,74455,8,,,,"$385,000.00 ",No,-95.4052942,35.3520325
The Narrows,6329 W Arter St,Crystal River,FL,34429,,,,,"$875,000.00 ",No,-82.53987606,28.8768711
14831 US Highway 82 W,14831 US Highway 82 W,Petty,TX,75470,10,,,,"$899,999.00 ",No,-95.8037437,33.6047324
Rochester 2.98 acres,1915 Marion Rd SE,Rochester,MN,55904,,,,,"$1,900,000.00 ",No,-92.4263271,43.993915
9631 W Selma Hwy,9631 W Selma Hwy,Casa Grande,AZ,85194,,,,,,No,-111.6711976,32.8504879
11712 SE Davis Loop Prineville OR,11712 SE Davis Loop,Prineville,OR,97754,25,,,,"$1,500,000.00 ",No,-120.8181545,44.1965063
4 duplexes with 41 mobile home lots,6408 W Flanders Ln,Crystal River,FL,34429,,,,,"$2,975,000.00 ",No,-82.5411194,28.8775155
166 Saunook Rd.,166 Saunook Rd,Waynesville,NC,28786,6,,,,"$650,000.00 ",No,-83.0449429,35.4517788
207 W Elder,207 W Elder St,Colmesneil,TX,75938,14,,$0.00 ,0.00%,"$395,000.00 ",No,-94.4247401,30.9078372
"50 N Main Hwy 22, Antimony Utah 84712",50 UT-22,Antimony,UT,84712,,,,,"$600,000.00 ",No,-112.0164445,38.1649034
27 Kayla West Drive 9 Units,27 Kayla W Dr,Pisgah Forest,NC,28768,9,,,,"$950,000.00 ",Yes,-82.692576,35.2701339
Mobile Home Estates 1001-1308,1001 John Wayne Dr,Robstown,TX,78380,8,,,,"$267,000.00 ",No,-97.6844341,27.7832199
Yankee Rd Mobile Home Park,417 Yankee Rd,Judsonia,AR,72081,3,"$45,533 ","$13,662.00 ",10.00%,"$136,600.00 ",No,-91.6426173,35.3361311
Engineered 18 Unit MHP - Mixed Use - No Zoning,Saccharin Ln,Bunker Hill,WV,25413,18,,,,"$315,000.00 ",No,-78.06894283,39.3038567
Maplewood Mobile Home Park,2625 W Maplewood Ave,Bellingham,WA,98225,,,"$111,960.00 ",4.76%,"$2,350,000.00 ",No,-122.4996622,48.7754475
Multiple s Highway 231,Multiple #s Highway 231,Laceys Spring,AL,35754,,,,,"$789,900.00 ",No,-86.5888761,34.5231621
OAK FORREST MOBILE HOME PARK,37828 Oak Forrest Dr,Dade City,FL,33523,9,,,8.00%,"$900,000.00 ",No,-82.1896114,28.4729129
2760 Panhandle Road Mobile Home Park,2760 Panhandle Rd,Marianna,FL,32446,8,"$98,750 ","$44,510.00 ",5.63%,"$790,000.00 ",No,-85.1978581,30.7650657
2614 Springhill Road MHP Mobile Home Park,2614 Springhill Rd,Bonifay,FL,32425,10,"$82,500 ","$58,784.00 ",7.13%,"$825,000.00 ",No,-85.712975,30.7558761
Longmont Mobile Home Park,10 9th Ave,Longmont,CO,80501,28,"$160,714 ",,,"$4,500,000.00 ",No,-105.0934611,40.1743735
Salmon River RV Park,6029 Salmon River Hwy,Otis,OR,97368,41,,,7.34%,"$2,500,000.00 ",No,-123.8699272,45.01791759
10610 Ranch Road 1431,10610 RM 1431,Buchanan Dam,TX,78609,,,,,"$265,000.00 ",No,-98.462433,30.7595291
Martin LN,21602 Martin Ln,Pflugerville,TX,78660,,,,,"$2,700,000.00 ",No,-97.6005786,30.4332061
Brumskill Mobile Home Park,15 Brumskill Ct,Powhatan,VA,23139,,"$57,143 ",,,"$400,000.00 ",No,-78.134903,37.478504
27 Main st,27 Main St,Sinclairville,NY,14782,13,,"$42,000.00 ",11.35%,"$369,900.00 ",No,-79.2587534,42.264053
Elm Grove Mobile Home Village,2201 Research Blvd,Lubbock,TX,79407,24,,,,"$700,000.00 ",No,-102.0264239,33.57368154
7 Palms Mobile Home Park,42 W Cherry Creek Rd,Cloverdale,CA,95425,44,"$118,750 ","$315,564.00 ",6.04%,"$5,225,000.00 ",No,-123.0202202,38.7948583
Mobile Home Park,1424 Hwy 24,Prescott,AR,71726,,,"$44,400.00 ",,"$180,000.00 ",Yes,-92.9622611,33.6399887
1004 N Oklahoma Street Mobile Home Park,1004 N Oklahoma St,Bonifay,FL,32425,7,"$75,000 ","$27,683.00 ",5.27%,"$525,000.00 ",No,-85.6779891,30.8014255
Mobile Home 4289 Royal Manor Blvd 129,4289 Royal Manor Blvd,Boynton Beach,FL,33436,,,,,"$85,000.00 ",No,-80.1112073,26.5458555
Cash Flow Mobile Home Park Near San Marcos,83 Roots Rd,Martindale,TX,78655,6,,,7.50%,"$875,000.00 ",No,NA,NA
1181 Jay Burke Rd,1181 Jay Burke Rd,Township of Taylorsville,NC,28681,,,,,"$475,000.00 ",No,-81.166279,35.9455876
100 Main Dayton,100 US-14,Ranchester,WY,82839,2,,"$40,800.00 ",9.07%,"$449,900.00 ",No,-107.2627084,44.87762846
2 Unrestricted City Lots for Mobile Home Park or RV Park,1025 E Pearson St,Freer,TX,78357,5,,,,"$13,000.00 ",No,-98.60698245,27.88114277
Troup Trailer Park,302 E McKay St,Troup,TX,75789,,,,,"$345,000.00 ",Yes,-95.1182424,32.1472155
Undisclosed,undisclosed,undisclosed,FL,0,,,,,,No,NA,NA
Oak Meadows RV Park at Canyon Lake,1310 Harcourt,Canyon Lake,TX,78133,22,,"$90,523.00 ",7.54%,"$1,200,000.00 ",No,-98.2769055,29.9467568
Mail Forwarding,713 W Spruce St,Deming,NM,88030,6,,,,"$335,000.00 ",Yes,-107.766863,32.26656144
Multer,4722 Calhoun Dr,Liberty,NC,27298,,,,,"$600,000.00 ",Yes,-79.6515858,35.9007578
1.79 Acres with a Mobile Home Park,304 Jefferson St,Monticello,MS,39654,8,,,,"$250,000.00 ",No,-90.1059506,31.5508049
8.61 Acres in Oktibbeha,8.61 Acres in Oktibbeha,Starkville,MS,39759,,,,,"$127,500.00 ",No,-88.8083228,33.4697365
Sevierville Manufactured Home Park,2536 Newport Hwy,Sevierville,TN,37876,6,"$150,000 ","$45,000.00 ",6.00%,"$750,000.00 ",No,-83.4520837,35.8861895
Ameron Estates Mobile Home Park,455 W Davis Loop,Vidor,TX,77662,17,"$86,765 ","$149,424.00 ",10.13%,"$1,475,000.00 ",No,-94.02145997,30.13014882
Sugar Court Mobile Home Park,270 S Walnut St,Lyons,IN,47443,,"$30,952 ",,,"$650,000.00 ",No,-87.0848427,38.9864023
2384 FL HWY 73 Mobile Home Park,2384 FL-73,Marianna,FL,32448,9,"$87,778 ","$46,601.00 ",5.90%,"$790,000.00 ",No,-85.2298052,30.7385311
Residential Investment,963 N Bucks Pocket Rd SE,Old Fort,TN,37362,7,,,,"$575,000.00 ",No,-84.7706723,35.0396418
Aurora RV Park Nice CA,2985 Lakeshore Blvd,Upper Lake,CA,95485,,,,,"$3,750,000.00 ",No,-122.8565223,39.1209094
RV Park  304 E York,304 E York St,Ganado,TX,77962,,,,,"$368,599.00 ",No,-96.50934356,29.04709913
1631 Gault Road,1631 Gault Rd,Houston,TX,77039,,,,,"$700,000.00 ",No,-95.3608143,29.9208755
"208 E Pease, 304 N Walnut",208 E Pease St,Heyworth,IL,61745,,"$10,926 ",,,"$295,000.00 ",No,NA,NA
Roller Trailer Park,287 S Oak Ave,Sparta,MO,65753,,,,,"$350,000.00 ",No,-93.08286094,36.99778636
Lakeview RV Estates,2088 State Hwy Y,Foley,MO,63347,15,"$60,000 ",,,"$900,000.00 ",No,-90.8486476,39.046042
945 HWY 92 Crawford,945 HWY 92 Crawford,Crawford,CO,81415,8,,,,"$899,000.00 ",No,-107.614656,38.7059515
Oasis RV Park,107 Spur 57,Wickett,TX,79788,,$450 ,,,"$385,000.00 ",No,-102.9980946,31.5656911
Mobile home park in Florence SC,203 W Conyers Ave,Florence,SC,29505,,,,,"$650,000.00 ",No,-79.767697,34.1628334
Boxwood Tiny Homes Community,150 Magnolia,Kingsland,TX,78639,14,,,,"$745,000.00 ",No,-98.4478996,30.6583174
125 Harris Creek Loop Road,125 Harris Creek Loop Rd,Jacksonville,NC,28540,4,,,,"$150,000.00 ",No,-77.547914,34.723255
RV Park at Fort Gibson Lake,34194 E 700 Rd,Wagoner,OK,74467,,,,,"$165,500.00 ",No,-95.2771424,36.0024689
3209 S County Rd 1130,3209 S County Rd 1130,Midland,TX,79706,,,,,"$200,000.00 ",No,-101.9689513,31.9197992
PAW PAWS PLACE RV PARK,1083 Jack Delaigle Rd,Waynesboro,GA,30830,,,,,"$499,000.00 ",No,-81.80659426,33.11597242
7.38 Acres in Rankin County,7.38 Acres in Rankin County,Pelahatchie,MS,39145,2,,,,"$142,500.00 ",No,-89.7942892,32.2879058
Jefferson Street MHP,56 Jefferson St,Norwalk,OH,44857,8,"$22,990 ","$27,981.00 ",12.17%,"$229,900.00 ",No,-82.62618004,41.24205888
"614 616 Moorestown Drive, Moore Twp PA, 18014-9715",614 Moorestown Dr,Bath,PA,18014,,,,,"$599,900.00 ",No,-75.3680141,40.7819593
Highway Z,State Hwy Z,St Robert,MO,65584,,,,,"$79,900.00 ",No,-92.1292959,37.82403151
Park Place Mobile Home  RV Park,140 Landfill Rd,Pocahontas,AR,72455,40,,,,"$595,750.00 ",No,-91.0019788,36.2689408
